STATIONNAME,RACKTOCNT,BIKETOCNT,SHARED_RATE,LATITUDE,LONGITUDE,STATIONID,UPDATETIME
102. 망원역 1번출구 앞,15,20,133,37.55564880,126.91062927,ST-4,2023-01-13 11:15:09.581783
103. 망원역 2번출구 앞,14,24,171,37.55495071,126.91083527,ST-5,2023-01-13 11:15:09.581783
104. 합정역 1번출구 앞,13,2,15,37.55062866,126.91498566,ST-6,2023-01-13 11:15:09.581783
105. 합정역 5번출구 앞,5,5,100,37.55000687,126.91482544,ST-7,2023-01-13 11:15:09.581783
106. 합정역 7번출구 앞,12,18,150,37.54864502,126.91282654,ST-8,2023-01-13 11:15:09.581783
107. 신한은행 서교동지점,5,12,240,37.55751038,126.91850281,ST-9,2023-01-13 11:15:09.581783
108. 서교동 사거리,10,3,30,37.55274582,126.91861725,ST-10,2023-01-13 11:15:09.581783
109. 제일빌딩 앞,10,12,120,37.54769135,126.91998291,ST-11,2023-01-13 11:15:09.581783
111. 상수역 2번출구 앞,10,1,10,37.54787064,126.92353058,ST-15,2023-01-13 11:15:09.581783
112. 극동방송국 앞,10,5,50,37.54920197,126.92320251,ST-16,2023-01-13 11:15:09.581783
113. 홍대입구역 2번출구 앞,25,3,12,37.55743790,126.92382050,ST-18,2023-01-13 11:15:09.581783
114. 홍대입구역 8번출구 앞,15,4,27,37.55706024,126.92442322,ST-20,2023-01-13 11:15:09.581783
115. 마스타 빌딩 앞,15,2,13,37.55893326,126.92711639,ST-12,2023-01-13 11:15:09.581783
117. 홍은사거리,23,2,9,37.59115982,126.94132996,ST-17,2023-01-13 11:15:09.581783
118. 광흥창역 2번출구 앞,10,14,140,37.54773331,126.93176270,ST-19,2023-01-13 11:15:09.581783
119. 서강나루 공원,10,13,130,37.54528427,126.93105316,ST-21,2023-01-13 11:15:09.581783
120. 신수동 사거리,5,9,180,37.54524231,126.93411255,ST-22,2023-01-13 11:15:09.581783
121. 마포소방서 앞,15,17,113,37.54976654,126.93317413,ST-23,2023-01-13 11:15:09.581783
122. 신성기사식당 앞,10,16,160,37.54745865,126.93837738,ST-24,2023-01-13 11:15:09.581783
123. 문화촌 공원,20,18,90,37.59432983,126.94738770,ST-25,2023-01-13 11:15:09.581783
124. 서강대 정문 건너편,20,15,75,37.55113983,126.93698883,ST-26,2023-01-13 11:15:09.581783
125. 서강대 남문 옆,15,0,0,37.54948425,126.93894958,ST-27,2023-01-13 11:15:09.581783
126. 서강대 후문 옆,20,7,35,37.55041122,126.94384766,ST-28,2023-01-13 11:15:09.581783
127. 현대벤처빌 앞,9,5,56,37.55352020,126.93695068,ST-29,2023-01-13 11:15:09.581783
128. 신촌역(2호선) 1번출구 옆,20,2,10,37.55549622,126.93634033,ST-30,2023-01-13 11:15:09.581783
129. 신촌역(2호선) 6번출구 옆,10,4,40,37.55505371,126.93756866,ST-31,2023-01-13 11:15:09.581783
130. 신촌역(2호선) 7번출구 앞,10,9,90,37.55485916,126.93615723,ST-32,2023-01-13 11:15:09.581783
131. 증산2교,20,29,145,37.58417130,126.91110229,ST-33,2023-01-13 11:15:09.581783
133. 해담는다리,15,15,100,37.58203125,126.90899658,ST-35,2023-01-13 11:15:09.581783
134. 연세로 명물길,8,12,150,37.55789185,126.93807983,ST-36,2023-01-13 11:15:09.581783
135. 명물길 원형무대 앞,10,8,80,37.55922699,126.93984222,ST-37,2023-01-13 11:15:09.581783
137. 신촌기차역입구 교차로,10,1,10,37.55681229,126.94318390,ST-39,2023-01-13 11:15:09.581783
138. 신촌동 제1공영주차장 앞,10,0,0,37.55917740,126.93452454,ST-40,2023-01-13 11:15:09.581783
139. 연세대 정문 건너편,10,1,10,37.55986404,126.93441772,ST-43,2023-01-13 11:15:09.581783
140. 이화여대 후문,22,17,77,37.56000900,126.94073486,ST-41,2023-01-13 11:15:09.581783
141. 연대 대운동장 옆,10,1,10,37.56238174,126.93264771,ST-42,2023-01-13 11:15:09.581783
142. 아현역 4번출구 앞,11,1,9,37.55720139,126.95566559,ST-200,2023-01-13 11:15:09.581783
143. 공덕역 2번출구,9,17,189,37.54457855,126.95021820,ST-201,2023-01-13 11:15:09.581783
144. 공덕역 8번출구,10,18,180,37.54357910,126.95132446,ST-202,2023-01-13 11:15:09.581783
145. 공덕역 5번출구,9,12,133,37.54425049,126.95163727,ST-203,2023-01-13 11:15:09.581783
146. 마포역 2번출구 뒤,12,19,158,37.53993607,126.94582367,ST-204,2023-01-13 11:15:09.581783
147. 마포역 4번출구 뒤,7,20,286,37.53927231,126.94591522,ST-205,2023-01-13 11:15:09.581783
148. 용강동 주민센터 앞,11,19,173,37.54234695,126.94302368,ST-206,2023-01-13 11:15:09.581783
150. 서강대역 2번출구 앞,15,14,93,37.55295563,126.93434143,ST-207,2023-01-13 11:15:09.581783
153. 성산2교 사거리,10,7,70,37.56469727,126.91261292,ST-210,2023-01-13 11:15:09.581783
154. 마포구청역 ,13,16,123,37.56090927,126.90549469,ST-211,2023-01-13 11:15:09.581783
155. 가좌역1 번출구 앞,15,7,47,37.56829453,126.91504669,ST-212,2023-01-13 11:15:09.581783
156. 서울서부지방법원 앞,10,4,40,37.54933167,126.95491791,ST-213,2023-01-13 11:15:09.581783
157. 애오개역 4번출구 앞,12,14,117,37.55300140,126.95668793,ST-214,2023-01-13 11:15:09.581783
159. 이대역 4번 출구,5,2,40,37.55695343,126.94634247,ST-216,2023-01-13 11:15:09.581783
160. 북아현동 가구거리,13,2,15,37.55754852,126.95938110,ST-217,2023-01-13 11:15:09.581783
161. 무악재역1번 출구,8,0,0,37.58224487,126.95064545,ST-218,2023-01-13 11:15:09.581783
162. 봉원고가차도 밑,15,10,67,37.56526947,126.94624329,ST-219,2023-01-13 11:15:09.581783
163. 명지전문대학교 정문 앞,7,0,0,37.58369827,126.92496490,ST-220,2023-01-13 11:15:09.581783
164. 북가좌1동 주민센터 ,10,3,30,37.57447815,126.91004944,ST-221,2023-01-13 11:15:09.581783
165. 중앙근린공원,20,18,90,37.57513809,126.91394043,ST-222,2023-01-13 11:15:09.581783
166. 가재울 초등학교,20,17,85,37.57381821,126.91923523,ST-223,2023-01-13 11:15:09.581783
167. 연가초등학교 옆,15,0,0,37.57946014,126.91712952,ST-224,2023-01-13 11:15:09.581783
169. 북가좌 삼거리,10,6,60,37.57300186,126.90779877,ST-226,2023-01-13 11:15:09.581783
170. DMC파크뷰자이아파트 302동 앞,10,10,100,37.57311249,126.92244720,ST-227,2023-01-13 11:15:09.581783
171. 임광빌딩 앞,10,4,40,37.56472397,126.96727753,ST-228,2023-01-13 11:15:09.581783
173. 서대문역 8번출구 앞,8,12,150,37.56477737,126.96614838,ST-230,2023-01-13 11:15:09.581783
175. 홍연2교옆,20,5,25,37.57806778,126.93088531,ST-231,2023-01-13 11:15:09.581783
176. 명지대학교 도서관,10,16,160,37.58109665,126.92402649,ST-555,2023-01-13 11:15:09.581783
177. 북가좌 초등학교,8,8,100,37.57767487,126.90980530,ST-345,2023-01-13 11:15:09.581783
178. 증산3교 앞,10,18,180,37.57987595,126.90634918,ST-349,2023-01-13 11:15:09.581783
179. 가좌역 4번출구 앞,14,1,7,37.56912231,126.91479492,ST-232,2023-01-13 11:15:09.581783
180. 충정로역 7번출구 아래,10,7,70,37.55996704,126.96246338,ST-233,2023-01-13 11:15:09.581783
181. 망원초록길 입구,15,8,53,37.55134201,126.90267181,ST-339,2023-01-13 11:15:09.581783
182. 망원2빗물펌프장 앞,9,11,122,37.55136490,126.90306091,ST-340,2023-01-13 11:15:09.581783
183. 하늘채코오롱아파트 건너편,15,40,267,37.56516647,126.91939545,ST-341,2023-01-13 11:15:09.581783
184. 7번가피자 서교망원점,9,19,211,37.55894852,126.90775299,ST-342,2023-01-13 11:15:09.581783
185. 마포 신수공원 앞,15,25,167,37.54254532,126.93429565,ST-343,2023-01-13 11:15:09.581783
186. 월드컵공원,40,28,70,37.56396484,126.89820862,ST-344,2023-01-13 11:15:09.581783
188. 홍은동 정원여중 입구,9,7,78,37.58638763,126.93512726,ST-346,2023-01-13 11:15:09.581783
191. 서우빌딩,10,21,210,37.57889175,126.91073608,ST-347,2023-01-13 11:15:09.581783
192. 연서어린이공원,10,5,50,37.57222748,126.92306519,ST-348,2023-01-13 11:15:09.581783
194. 증산교 앞,10,2,20,37.57731628,126.90296936,ST-350,2023-01-13 11:15:09.581783
195. 모래내고가차도 ,10,7,70,37.56765747,126.91780853,ST-351,2023-01-13 11:15:09.581783
196. 연희교차로 인근,10,6,60,37.56612015,126.92589569,ST-352,2023-01-13 11:15:09.581783
198. 충정2교,15,2,13,37.56213760,126.96377563,ST-354,2023-01-13 11:15:09.581783
199. 서울 월드컵 경기장,30,9,30,37.56684494,126.89644623,ST-443,2023-01-13 11:15:09.581783
200. 국회의원회관,18,13,72,37.52841568,126.91391754,ST-45,2023-01-13 11:15:09.581783
201. 진미파라곤 앞,15,4,27,37.53123856,126.92133331,ST-46,2023-01-13 11:15:09.581783
202. 국민일보 앞,30,2,7,37.52881622,126.92453003,ST-47,2023-01-13 11:15:09.581783
203. 국회의사당역 3번출구 옆,15,6,40,37.52805710,126.91870117,ST-51,2023-01-13 11:15:09.581783
204. 국회의사당역 5번출구 옆,13,1,8,37.52816391,126.91702271,ST-50,2023-01-13 11:15:09.581783
205. 산업은행 앞,20,0,0,37.52626419,126.92050934,ST-52,2023-01-13 11:15:09.581783
206. KBS 앞,35,9,26,37.52466583,126.91802216,ST-53,2023-01-13 11:15:09.581783
207. 여의나루역 1번출구 앞,46,9,20,37.52715683,126.93190002,ST-73,2023-01-13 11:15:09.581783
209. 유진투자증권빌딩 앞,12,1,8,37.52461243,126.92783356,ST-55,2023-01-13 11:15:09.581783
213. KT앞,19,7,37,37.52190781,126.91895294,ST-59,2023-01-13 11:15:09.581783
214. 금융감독원 앞,21,6,29,37.52302170,126.92083740,ST-60,2023-01-13 11:15:09.581783
215. 여의도고교 앞,10,7,70,37.52483749,126.93490601,ST-64,2023-01-13 11:15:09.581783
217. NH농협은행 앞,15,18,120,37.52207947,126.93036652,ST-66,2023-01-13 11:15:09.581783
219. 롯데캐슬엠파이어 옆,12,9,75,37.52069473,126.92583466,ST-62,2023-01-13 11:15:09.581783
220. 미성아파트 A동 앞,30,1,3,37.51936340,126.92604828,ST-63,2023-01-13 11:15:09.581783
221. 여의도초교 앞,10,9,90,37.52267456,126.93778992,ST-67,2023-01-13 11:15:09.581783
222. 시범아파트버스정류장 옆,12,18,150,37.51943588,126.93759918,ST-68,2023-01-13 11:15:09.581783
223. 진주아파트상가 앞,20,7,35,37.51931381,126.93316650,ST-69,2023-01-13 11:15:09.581783
224. 롯데캐슬 앞,20,17,85,37.52008820,126.93236542,ST-70,2023-01-13 11:15:09.581783
225. 앙카라공원 앞,26,16,62,37.51736832,126.92925262,ST-71,2023-01-13 11:15:09.581783
226. 샛강역 1번출구 앞,19,7,37,37.51776505,126.92841339,ST-72,2023-01-13 11:15:09.581783
227. 양평2나들목 보행통로 입구,20,43,215,37.54466629,126.88835907,ST-277,2023-01-13 11:15:09.581783
228. 선유도역 3번출구 앞,10,7,70,37.53845978,126.89450836,ST-278,2023-01-13 11:15:09.581783
229. 양평1 보행육교 앞,25,4,16,37.53587341,126.89218140,ST-279,2023-01-13 11:15:09.581783
230. 영등포구청역 1번출구,13,4,31,37.52463531,126.89621735,ST-413,2023-01-13 11:15:09.581783
231. 남부고용노동지청 남측,10,14,140,37.52450562,126.89182281,ST-280,2023-01-13 11:15:09.581783
232. 양평우림 이비즈센타 앞,20,8,40,37.52565002,126.88781738,ST-281,2023-01-13 11:15:09.581783
233. 양평1동 YP센터 앞,10,1,10,37.52848816,126.89164734,ST-282,2023-01-13 11:15:09.581783
234. 영등포구민체육센터 앞,10,6,60,37.50046158,126.90584564,ST-283,2023-01-13 11:15:09.581783
235. 신길동 우리은행 옆,10,7,70,37.50456619,126.91023254,ST-284,2023-01-13 11:15:09.581783
236. 문래동자이아파트 앞,10,13,130,37.51615524,126.89461517,ST-285,2023-01-13 11:15:09.581783
237. 보라매 두산위브 건너편,20,34,170,37.49651337,126.91480255,ST-286,2023-01-13 11:15:09.581783
238. 제2구민체육센타 앞,10,8,80,37.52638626,126.90275574,ST-287,2023-01-13 11:15:09.581783
239. 유스호스텔 앞,20,21,105,37.52585220,126.90328217,ST-288,2023-01-13 11:15:09.581783
240. 문래역 4번출구 앞,10,2,20,37.51873779,126.89557648,ST-289,2023-01-13 11:15:09.581783
241. 신길우성1차아파트 앞 공원,10,10,100,37.50501633,126.89853668,ST-290,2023-01-13 11:15:09.581783
242. 신길선원가와인아파트 앞,15,18,120,37.51093292,126.91022491,ST-291,2023-01-13 11:15:09.581783
243. 이앤씨드림타워 앞,15,10,67,37.52708435,126.89138031,ST-292,2023-01-13 11:15:09.581783
244. 영등포삼환아파트 앞,20,16,80,37.53007889,126.90570831,ST-293,2023-01-13 11:15:09.581783
245. 삼성생명 당산사옥 앞,14,25,179,37.52826309,126.89662933,ST-294,2023-01-13 11:15:09.581783
247. 당산역 10번출구 앞,14,4,29,37.53342056,126.90223694,ST-295,2023-01-13 11:15:09.581783
248. 초원아파트 앞,10,2,20,37.53105545,126.92420959,ST-296,2023-01-13 11:15:09.581783
249. 여의도중학교 옆,16,10,63,37.52434921,126.93611908,ST-297,2023-01-13 11:15:09.581783
250. 대림아파트 사거리,10,7,70,37.50764084,126.92308044,ST-298,2023-01-13 11:15:09.581783
251. 서울지방병무청 버스정류장,10,14,140,37.50449371,126.92195129,ST-299,2023-01-13 11:15:09.581783
252. 보라매역4번출구,10,7,70,37.49982834,126.91994476,ST-300,2023-01-13 11:15:09.581783
254. 도림신협 앞,10,24,240,37.50380325,126.90341949,ST-302,2023-01-13 11:15:09.581783
255. 도림사거리,15,22,147,37.50657272,126.90113068,ST-303,2023-01-13 11:15:09.581783
256. 동아에코빌입구,10,14,140,37.50947571,126.89929962,ST-304,2023-01-13 11:15:09.581783
258. 신길역3번출구,14,11,79,37.51769257,126.91429901,ST-306,2023-01-13 11:15:09.581783
259. 대방역6번출구,17,80,471,37.51359177,126.92593384,ST-307,2023-01-13 11:15:09.581783
260. 여의도 마리나선착장 앞,15,14,93,37.53365707,126.91216278,ST-414,2023-01-13 11:15:09.581783
262. 영문초등학교 사거리,12,8,67,37.51992798,126.88918304,ST-416,2023-01-13 11:15:09.581783
263. 근로자회관 사거리,12,4,33,37.51715088,126.88862610,ST-417,2023-01-13 11:15:09.581783
264. 교보생명보험 앞,15,4,27,37.52193069,126.89161682,ST-418,2023-01-13 11:15:09.581783
265. 영등포유통상가 사거리,15,2,13,37.52113342,126.89653778,ST-419,2023-01-13 11:15:09.581783
266. 영등포청과시장 사거리,10,7,70,37.52029419,126.90119171,ST-420,2023-01-13 11:15:09.581783
267. 삼성화재 사옥 옆,10,10,100,37.53596115,126.89830017,ST-421,2023-01-13 11:15:09.581783
268. 그랜드컨벤션센터 앞,6,15,250,37.53471756,126.90000153,ST-422,2023-01-13 11:15:09.581783
270. 증권거래소후문교차로,10,0,0,37.52234268,126.92710114,ST-424,2023-01-13 11:15:09.581783
271. 샛강생태공원방문자센터 앞,10,7,70,37.51896286,126.92161560,ST-425,2023-01-13 11:15:09.581783
272. 당산육갑문,20,16,80,37.53533936,126.90367889,ST-426,2023-01-13 11:15:09.581783
275. 신동아아파트,10,13,130,37.52222061,126.88558197,ST-1320,2023-01-13 11:15:09.581783
276. 영등포로터리2,10,35,350,37.51828384,126.91263580,ST-1321,2023-01-13 11:15:09.581783
278. 쌍용플레티넘오피스텔,10,32,320,37.50793076,126.89523315,ST-1323,2023-01-13 11:15:09.581783
279. 영등포 푸르지오 아파트,15,21,140,37.51322937,126.90446472,ST-1353,2023-01-13 11:15:09.581783
280. 양평동6차현대아파트 앞,10,20,200,37.53210068,126.89443970,ST-1539,2023-01-13 11:15:09.581783
281. 신동아아파트 앞,8,8,100,37.49824142,126.89398193,ST-1540,2023-01-13 11:15:09.581783
282. 신한은행 대림동지점,10,2,20,37.48752975,126.90487671,ST-1541,2023-01-13 11:15:09.581783
283. 아크로타워 스퀘어(영등포시장),15,45,300,37.52251816,126.90721893,ST-1649,2023-01-13 11:15:09.581783
284. 센트럴 푸르지오 시티 앞,16,8,50,37.51821136,126.90222931,ST-1650,2023-01-13 11:15:09.581783
285. 대림3동사거리(하나은행),14,3,21,37.49985886,126.89723969,ST-1651,2023-01-13 11:15:09.581783
286. 우성아파트 교차로,12,3,25,37.49457169,126.89974976,ST-1652,2023-01-13 11:15:09.581783
287. 영등포전화국사거리 (서강어린이공원),10,27,270,37.52576828,126.90573883,ST-1653,2023-01-13 11:15:09.581783
288. 쌍용예가(구청별관),10,8,80,37.52809906,126.89338684,ST-1677,2023-01-13 11:15:09.581783
289. 대림3동사거리,10,22,220,37.49980927,126.89800262,ST-1697,2023-01-13 11:15:09.581783
290. 당산동 SK V1 빌딩,12,24,200,37.53150940,126.89782715,ST-1698,2023-01-13 11:15:09.581783
291. 문래동 하이테크 시티,14,6,43,37.51385117,126.89888000,ST-1699,2023-01-13 11:15:09.581783
292. 영일 어린이공원,10,16,160,37.51012039,126.90406799,ST-1700,2023-01-13 11:15:09.581783
293. 충북 미래관,15,43,287,37.52917099,126.90757751,ST-1701,2023-01-13 11:15:09.581783
295.영등포공원 분수대 앞,10,14,140,37.51481247,126.91170502,ST-1967,2023-01-13 11:15:09.581783
296.KT플라자 영등포점,15,15,100,37.52630234,126.90538025,ST-1968,2023-01-13 11:15:09.581783
297.국회3문,10,2,20,37.52863693,126.91267395,ST-1969,2023-01-13 11:15:09.581783
298.KBS 연구동 건너편,25,14,56,37.52750778,126.91429901,ST-1970,2023-01-13 11:15:09.581783
299.여의도 순복음교회,10,2,20,37.53179169,126.92245483,ST-1971,2023-01-13 11:15:09.581783
300. 정동사거리,6,0,0,37.56805038,126.96923065,ST-116,2023-01-13 11:15:09.581783
301. 경복궁역 7번출구 앞,20,9,45,37.57579422,126.97145081,ST-117,2023-01-13 11:15:09.581783
302. 경복궁역 4번출구 뒤,12,7,58,37.57594681,126.97406006,ST-118,2023-01-13 11:15:09.581783
303. 광화문역 1번출구 앞,8,0,0,37.57176971,126.97466278,ST-119,2023-01-13 11:15:09.581783
305. 종로구청 옆,16,5,31,37.57255936,126.97833252,ST-121,2023-01-13 11:15:09.581783
307. 서울역사박물관 앞,11,0,0,37.56999969,126.97109985,ST-123,2023-01-13 11:15:09.581783
308. 광화문 S타워 앞,31,1,3,37.56996918,126.97393799,ST-124,2023-01-13 11:15:09.581783
309. 광화문역 6번출구 옆 B,13,0,0,37.56996155,126.97615814,ST-125,2023-01-13 11:15:09.581783
310. 청계광장 옆,8,0,0,37.56887817,126.97747040,ST-126,2023-01-13 11:15:09.581783
314. 국립현대미술관,10,0,0,37.57970810,126.98085785,ST-130,2023-01-13 11:15:09.581783
316. 종각역 1번출구 앞,8,3,38,37.57039642,126.98178864,ST-132,2023-01-13 11:15:09.581783
318. 광교사거리 남측,10,0,0,37.56863403,126.98231506,ST-134,2023-01-13 11:15:09.581783
320. 을지로입구역 4번출구 앞,17,2,12,37.56622314,126.98358917,ST-136,2023-01-13 11:15:09.581783
321. KEB 하나금융그룹 명동사옥 옆,15,2,13,37.56546402,126.98413849,ST-137,2023-01-13 11:15:09.581783
322. 명동성당 앞,10,7,70,37.56447601,126.98696899,ST-138,2023-01-13 11:15:09.581783
324. 신세계백화점 본점 앞,8,19,238,37.56143188,126.98069763,ST-140,2023-01-13 11:15:09.581783
326. 안국역 5번출구 앞,19,9,47,37.57624054,126.98616028,ST-142,2023-01-13 11:15:09.581783
327. 낙원상가 옆,10,1,10,37.57335663,126.98746490,ST-143,2023-01-13 11:15:09.581783
328. 탑골공원 앞,11,1,9,37.57039642,126.98818970,ST-144,2023-01-13 11:15:09.581783
329. 청계2가 사거리 옆,8,12,150,37.56848526,126.98788452,ST-145,2023-01-13 11:15:09.581783
331. 을지로2가 사거리 북측,10,3,30,37.56638336,126.98720551,ST-147,2023-01-13 11:15:09.581783
332. 을지로2가 사거리 남측,5,4,80,37.56599045,126.98779297,ST-148,2023-01-13 11:15:09.581783
334. 종로3가역 2번출구 뒤,10,25,250,37.57059860,126.99179077,ST-150,2023-01-13 11:15:09.581783
335. 종로3가역 15번출구 앞,10,2,20,37.57019806,126.99125671,ST-151,2023-01-13 11:15:09.581783
336. 충무로역 6번출구 앞,8,14,175,37.56144714,126.99311066,ST-152,2023-01-13 11:15:09.581783
337. 창경궁 입구,5,3,60,37.57897949,126.99647522,ST-153,2023-01-13 11:15:09.581783
338. 세운스퀘어 앞,18,0,0,37.57095718,126.99712372,ST-154,2023-01-13 11:15:09.581783
339. 종로4가 사거리,10,20,200,37.57106781,126.99819183,ST-155,2023-01-13 11:15:09.581783
340. 혜화동 로터리,8,18,225,37.58562851,127.00067902,ST-156,2023-01-13 11:15:09.581783
341. 혜화역 3번출구 뒤,8,29,363,37.58156967,127.00178528,ST-157,2023-01-13 11:15:09.581783
342. 대학로 마로니에공원,22,45,205,37.57978439,127.00253296,ST-158,2023-01-13 11:15:09.581783
343. 예일빌딩(율곡로) 앞,6,5,83,37.57561111,127.00469971,ST-159,2023-01-13 11:15:09.581783
344. 성균관대 E하우스 앞,10,13,130,37.57403564,127.00672150,ST-160,2023-01-13 11:15:09.581783
345. 서울보증보험본사 앞,18,3,17,37.57330704,127.00070953,ST-161,2023-01-13 11:15:09.581783
346. 맥스타일 앞,10,5,50,37.56918335,127.00988007,ST-162,2023-01-13 11:15:09.581783
347. 동대문역사문화공원역 9번출구 앞,18,19,106,37.56533051,127.00784302,ST-163,2023-01-13 11:15:09.581783
348. 독립문역 사거리,14,10,71,37.57202911,126.96078491,ST-183,2023-01-13 11:15:09.581783
349. 사직동주민센터,7,2,29,37.57633209,126.96858978,ST-165,2023-01-13 11:15:09.581783
351. 청운초교 앞 삼거리,8,5,63,37.58507919,126.97061920,ST-167,2023-01-13 11:15:09.581783
352. 중앙고입구 삼거리,10,1,10,37.58341599,126.98523712,ST-168,2023-01-13 11:15:09.581783
353. 재동초교 앞 삼거리,8,3,38,37.57938766,126.98494720,ST-169,2023-01-13 11:15:09.581783
354. 포르투갈 대사관 앞,10,19,190,37.57915497,126.98896027,ST-170,2023-01-13 11:15:09.581783
355. 서울사대부속초교 앞,15,4,27,37.57650757,127.00245667,ST-171,2023-01-13 11:15:09.581783
356. KT혜화지사 앞,15,12,80,37.57714462,127.00205994,ST-172,2023-01-13 11:15:09.581783
358. 성대입구 사거리,13,2,15,37.58250046,126.99853516,ST-173,2023-01-13 11:15:09.581783
359. 원남동사거리,8,5,63,37.57606125,126.99768066,ST-174,2023-01-13 11:15:09.581783
361. 동묘앞역 1번출구 뒤,10,13,130,37.57324219,127.01590729,ST-175,2023-01-13 11:15:09.581783
362. 청계8가 사거리,10,5,50,37.57222366,127.02270508,ST-176,2023-01-13 11:15:09.581783
363. 신설동역 11번출구 뒤,13,1,8,37.57559204,127.02285004,ST-177,2023-01-13 11:15:09.581783
364. 창신역 1번출구 앞,8,9,113,37.57933426,127.01508331,ST-178,2023-01-13 11:15:09.581783
367. 독립문역 3-1번출구 ,13,20,154,37.57384872,126.95869446,ST-180,2023-01-13 11:15:09.581783
368. SK 서린빌딩 앞,15,0,0,37.56924820,126.98053741,ST-181,2023-01-13 11:15:09.581783
369. 광화문 시민열린마당,12,6,50,37.57549286,126.97850037,ST-182,2023-01-13 11:15:09.581783
370. 시청역(2호선) 9번출구 뒤,24,2,8,37.56322861,126.97483826,ST-185,2023-01-13 11:15:09.581783
371. 동대입구역 6번출구 뒤,10,21,210,37.55887222,127.00553894,ST-186,2023-01-13 11:15:09.581783
372. 약수역 3번출구 뒤,10,11,110,37.55429459,127.01119995,ST-187,2023-01-13 11:15:09.581783
374. 청구역 2번출구 앞,12,7,58,37.56047440,127.01407623,ST-189,2023-01-13 11:15:09.581783
379. 서울역9번출구,7,2,29,37.55599976,126.97335815,ST-194,2023-01-13 11:15:09.581783
380. CJ제일제당 앞,8,13,163,37.56386566,127.00274658,ST-195,2023-01-13 11:15:09.581783
381. 장충체육관,15,8,53,37.55853271,127.00698853,ST-196,2023-01-13 11:15:09.581783
382. 약수역 10번출구 앞,7,16,229,37.55519867,127.01004791,ST-197,2023-01-13 11:15:09.581783
383. 신당역 12번 출구 뒤,22,18,82,37.56584930,127.01640320,ST-198,2023-01-13 11:15:09.581783
384. 종로학원본원 ,10,4,40,37.55978012,126.96850586,ST-199,2023-01-13 11:15:09.581783
385. 종각역 5번출구,10,0,0,37.56983566,126.98265839,ST-336,2023-01-13 11:15:09.581783
387. 훈련원공원주차장 앞,10,14,140,37.56699371,127.00346375,ST-338,2023-01-13 11:15:09.581783
388. 동성중학교 앞,10,8,80,37.58573532,127.00160980,ST-444,2023-01-13 11:15:09.581783
389. 을지로4가역 1번출구,10,1,10,37.56673050,126.99660492,ST-943,2023-01-13 11:15:09.581783
390. 충무로역 1번출구,12,0,0,37.56138992,126.99535370,ST-944,2023-01-13 11:15:09.581783
391. 시립미술관,8,0,0,37.56505203,126.97340393,ST-977,2023-01-13 11:15:09.581783
393. 동대문역 8번 출구,12,2,17,37.57014084,127.00937653,ST-1372,2023-01-13 11:15:09.581783
394. 경희궁 자이 3단지,15,5,33,37.56748962,126.96591949,ST-1373,2023-01-13 11:15:09.581783
395. 경희궁 자이 2단지,8,7,88,37.56885529,126.96456146,ST-1374,2023-01-13 11:15:09.581783
397. 종묘공영주차장 건너편,13,20,154,37.57048035,126.99663544,ST-1432,2023-01-13 11:15:09.581783
398. 을지로3가역 3번출구,8,9,113,37.56655884,126.99243927,ST-1435,2023-01-13 11:15:09.581783
399. 서울역 센트럴 자이아파트,15,17,113,37.55410767,126.96540833,ST-1436,2023-01-13 11:15:09.581783
400. 상암한화오벨리스크 1차 앞,14,14,100,37.58752441,126.88300323,ST-110,2023-01-13 11:15:09.581783
401. 상암월드컵파크 10단지 앞,13,6,46,37.58618927,126.88161469,ST-76,2023-01-13 11:15:09.581783
402. 상암월드컵파크 9단지 앞,20,16,80,37.58285522,126.87982178,ST-77,2023-01-13 11:15:09.581783
403. 부엉이공원 앞,20,0,0,37.58559036,126.88472748,ST-78,2023-01-13 11:15:09.581783
405. DMC빌 앞,8,2,25,37.58265686,126.88578796,ST-80,2023-01-13 11:15:09.581783
406. 상암월드컵파크 7단지 앞,15,5,33,37.58111191,126.88087463,ST-81,2023-01-13 11:15:09.581783
407. 마포구 육아종합지원센터,8,2,25,37.58063126,126.88367462,ST-83,2023-01-13 11:15:09.581783
408. LG CNS앞,14,5,36,37.58081055,126.88665009,ST-84,2023-01-13 11:15:09.581783
409. 누리꿈스퀘어 옆,30,9,30,37.57939911,126.88916016,ST-86,2023-01-13 11:15:09.581783
410. 상암중학교 옆,10,2,20,37.57739258,126.88747406,ST-88,2023-01-13 11:15:09.581783
411. DMC홍보관,10,6,60,37.57799530,126.89147186,ST-90,2023-01-13 11:15:09.581783
412. DMC산학협력연구센터 앞,22,3,14,37.57580185,126.89073944,ST-91,2023-01-13 11:15:09.581783
413. 상암월드컵파크 3단지 후문,10,12,120,37.57147598,126.88968658,ST-92,2023-01-13 11:15:09.581783
414. 상암동주민센터 옆,8,17,213,37.57822037,126.89447021,ST-94,2023-01-13 11:15:09.581783
415. DMC역 9번출구 앞,10,6,60,37.57746887,126.89736176,ST-95,2023-01-13 11:15:09.581783
416. 상암월드컵파크 1단지 교차로,12,6,50,37.57566452,126.89444733,ST-96,2023-01-13 11:15:09.581783
417. DMC역 2번출구 옆,20,39,195,37.57506943,126.89991760,ST-93,2023-01-13 11:15:09.581783
418. 월드컵경기장역 3번출구 옆,20,9,45,37.57072067,126.89897919,ST-89,2023-01-13 11:15:09.581783
419. 홈플러스 앞,21,6,29,37.56842041,126.89942932,ST-87,2023-01-13 11:15:09.581783
420. 서울시 공공자전거 상암센터,37,6,16,37.56624603,126.89617920,ST-85,2023-01-13 11:15:09.581783
421. 마포구청 앞,8,1,13,37.56574631,126.90186310,ST-82,2023-01-13 11:15:09.581783
422. 문화비축기지,9,6,67,37.56897736,126.89440155,ST-968,2023-01-13 11:15:09.581783
424. 롯데하이마트 (상암월드컵점),15,9,60,37.57361984,126.89804840,ST-990,2023-01-13 11:15:09.581783
425. DMC첨단산업센터,10,2,20,37.58450317,126.88559723,ST-991,2023-01-13 11:15:09.581783
426. 서울신용보증재단,10,29,290,37.54906082,126.95417786,ST-992,2023-01-13 11:15:09.581783
427. 성산시영아파트,10,20,200,37.56958389,126.90381622,ST-1397,2023-01-13 11:15:09.581783
428. 명보사거리,10,8,80,37.56439972,126.99143219,ST-1437,2023-01-13 11:15:09.581783
429. 송도병원,8,0,0,37.54988861,127.00734711,ST-1438,2023-01-13 11:15:09.581783
430. 장충동먹자골목 앞,6,2,33,37.56207275,127.00631714,ST-1439,2023-01-13 11:15:09.581783
431. 청계천 영도교,25,11,44,37.57101440,127.01974487,ST-1440,2023-01-13 11:15:09.581783
432. 마포중앙도서관,10,2,20,37.56333923,126.90820312,ST-1494,2023-01-13 11:15:09.581783
433. 을지로입구역 2번출구,12,1,8,37.56634521,126.98229218,ST-1668,2023-01-13 11:15:09.581783
434. 신당 래미안 버스정류장,10,11,110,37.56148911,127.02393341,ST-1669,2023-01-13 11:15:09.581783
435. SK 남산빌딩,10,2,20,37.55686188,126.97561646,ST-1670,2023-01-13 11:15:09.581783
436. 이대역 5번출구,10,0,0,37.55659103,126.94618988,ST-1675,2023-01-13 11:15:09.581783
437. 대흥역 1번출구,12,10,83,37.54846954,126.94092560,ST-1691,2023-01-13 11:15:09.581783
438. 성산2-1 공영주차장,15,13,87,37.56472015,126.90676880,ST-1692,2023-01-13 11:15:09.581783
440. 하늘공원 입구,15,12,80,37.57012177,126.88134766,ST-1754,2023-01-13 11:15:09.581783
441.염천교사거리,15,3,20,37.55989075,126.97149658,ST-1761,2023-01-13 11:15:09.581783
442.서울역 서부,13,6,46,37.55641556,126.96919250,ST-1768,2023-01-13 11:15:09.581783
443.호암아트홀,9,4,44,37.56211090,126.97071838,ST-1769,2023-01-13 11:15:09.581783
445.대한상공회의소,15,2,13,37.56015396,126.97410583,ST-1771,2023-01-13 11:15:09.581783
446. 상명대입구,13,0,0,37.60012817,126.95783234,ST-938,2023-01-13 11:15:09.581783
447. 신영동삼거리,6,0,0,37.60399246,126.96194458,ST-939,2023-01-13 11:15:09.581783
449. 일성아파트,10,4,40,37.60871887,126.97286224,ST-941,2023-01-13 11:15:09.581783
450. 효자동 삼거리,51,4,8,37.58360291,126.97254944,ST-978,2023-01-13 11:15:09.581783
451. 청와대앞길,8,8,100,37.58351517,126.97966766,ST-979,2023-01-13 11:15:09.581783
452. 동대문 종합시장 버스정류장,13,2,15,37.57123947,127.00440979,ST-1605,2023-01-13 11:15:09.581783
453. 종로오가 지하쇼핑센터 14번출구,10,18,180,37.57114029,127.00067139,ST-1606,2023-01-13 11:15:09.581783
454. 종로2가 버스정류장 (종각방향),13,4,31,37.57035828,126.98638153,ST-1607,2023-01-13 11:15:09.581783
455. 종로6가역 버스정류장(동대문 방향),8,7,88,37.57096100,127.00605774,ST-1608,2023-01-13 11:15:09.581783
456. 숭인2동 주민센터 입구,10,2,20,37.57447052,127.01982880,ST-1609,2023-01-13 11:15:09.581783
457. 종로꽃시장 입구 옆,10,12,120,37.57131958,127.00720978,ST-1610,2023-01-13 11:15:09.581783
458. 광화문역 5번출구,21,1,5,37.56989288,126.97756958,ST-1611,2023-01-13 11:15:09.581783
461. 서울지방경찰청,10,1,10,37.57436371,126.97236633,ST-1619,2023-01-13 11:15:09.581783
462. 신영동삼거리(북악터널방향),10,5,50,37.60351181,126.96206665,ST-1752,2023-01-13 11:15:09.581783
464. 삼청동 골목,10,3,30,37.58419037,126.98169708,ST-1756,2023-01-13 11:15:09.581783
465. 삼청공원 앞,5,5,100,37.58760452,126.98359680,ST-1759,2023-01-13 11:15:09.581783
466.롯데호텔,13,0,0,37.56584167,126.97981262,ST-1772,2023-01-13 11:15:09.581783
467.한국은행,11,12,109,37.56221390,126.98086548,ST-1773,2023-01-13 11:15:09.581783
468.웨스틴 조선호텔,10,2,20,37.56415939,126.97948456,ST-1774,2023-01-13 11:15:09.581783
469.회현역 1번출구,11,6,55,37.55923080,126.98014069,ST-1775,2023-01-13 11:15:09.581783
470.회현역 7번출구,13,0,0,37.55974579,126.98000336,ST-1776,2023-01-13 11:15:09.581783
471.회현사거리 남측,10,10,100,37.56035995,126.98265076,ST-1777,2023-01-13 11:15:09.581783
472.삼일교(시그니쳐 타워),12,1,8,37.56787109,126.98840332,ST-1778,2023-01-13 11:15:09.581783
473.을지로4가역 9번출구,20,17,85,37.56605148,126.99798584,ST-1779,2023-01-13 11:15:09.581783
474.동대문역사문화공원역 1번출구 뒤편,40,18,45,37.56629944,127.00849152,ST-1780,2023-01-13 11:15:09.581783
475.DDP 패션몰,21,36,171,37.56764984,127.01181030,ST-1781,2023-01-13 11:15:09.581783
476.광희문,10,7,70,37.56443024,127.00995636,ST-1782,2023-01-13 11:15:09.581783
477.앰배서더 호텔 주변,10,16,160,37.55928802,127.00268555,ST-1783,2023-01-13 11:15:09.581783
479.동대입구역 3번 출구,10,9,90,37.55937576,127.00602722,ST-1785,2023-01-13 11:15:09.581783
480.약수역 6번 출구,8,30,375,37.55432129,127.01070404,ST-1786,2023-01-13 11:15:09.581783
481.신당역 10번 출구,16,23,144,37.56703186,127.01579285,ST-1787,2023-01-13 11:15:09.581783
483.남산타운아파트 버스정류장,12,2,17,37.54758453,127.00643921,ST-1789,2023-01-13 11:15:09.581783
484.도동삼거리,12,0,0,37.55614853,126.97742462,ST-1790,2023-01-13 11:15:09.581783
485.서울역5번출구,10,1,10,37.55677032,126.97319794,ST-1791,2023-01-13 11:15:09.581783
486. 평창동주민센터 앞,5,3,60,37.60627365,126.96832275,ST-2019,2023-01-13 11:15:09.581783
487.신석초교앞 교차로 교통섬,15,22,147,37.54364014,126.93830872,ST-2146,2023-01-13 11:15:09.581783
488.푸르메병원,10,13,130,37.58456802,126.88021088,ST-2147,2023-01-13 11:15:09.581783
489.구룡근린공원,10,1,10,37.58320236,126.88276672,ST-2148,2023-01-13 11:15:09.581783
490.가온문화공원,23,1,4,37.58207703,126.88766479,ST-2149,2023-01-13 11:15:09.581783
491.월드컵파크 4단지,10,4,40,37.57597733,126.88806915,ST-2150,2023-01-13 11:15:09.581783
492.성산시영아파트 후문,10,30,300,37.57313538,126.90184784,ST-2151,2023-01-13 11:15:09.581783
493.홍대입구역 6번출구,7,14,200,37.55657578,126.92885590,ST-2152,2023-01-13 11:15:09.581783
494.신수동주민센터,5,0,0,37.54724503,126.93502808,ST-2153,2023-01-13 11:15:09.581783
495.염리초등학교 앞,10,19,190,37.54243088,126.94699860,ST-2154,2023-01-13 11:15:09.581783
497.합정동주민센터 앞,25,11,44,37.55175400,126.91230011,ST-2156,2023-01-13 11:15:09.581783
498.연남동주민센터 앞,10,26,260,37.56465149,126.92212677,ST-2157,2023-01-13 11:15:09.581783
500. 어린이대공원역 3번출구 앞,10,3,30,37.54706955,127.07427216,ST-97,2023-01-13 11:15:09.581783
501. 광진구의회 앞,30,5,17,37.53730774,127.07035065,ST-98,2023-01-13 11:15:09.581783
502. 뚝섬유원지역 1번출구 앞,33,12,36,37.53186035,127.06719208,ST-99,2023-01-13 11:15:09.581783
505. 자양사거리 광진아크로텔 앞,12,6,50,37.53701019,127.08224487,ST-102,2023-01-13 11:15:09.581783
506. 금호 어울림 아파트 앞,7,0,0,37.54906082,127.05779266,ST-103,2023-01-13 11:15:09.581783
508. 성수아카데미타워 앞,10,1,10,37.54516602,127.05751038,ST-105,2023-01-13 11:15:09.581783
509. 이마트 버스정류소 옆,25,0,0,37.53965378,127.05258942,ST-106,2023-01-13 11:15:09.581783
510. 서울숲 남문 버스정류소 옆,15,10,67,37.54122162,127.04380035,ST-107,2023-01-13 11:15:09.581783
511. 서울숲역 5번 출구 옆,16,3,19,37.54458237,127.04460907,ST-108,2023-01-13 11:15:09.581783
512. 뚝섬역 1번 출구 옆,15,0,0,37.54856110,127.04500580,ST-109,2023-01-13 11:15:09.581783
513. 뚝섬역 5번 출구 정류소 옆,13,0,0,37.54630661,127.04980469,ST-111,2023-01-13 11:15:09.581783
514. 성수사거리 버스정류장 앞,12,1,8,37.54257965,127.06330872,ST-112,2023-01-13 11:15:09.581783
515. 광양중학교 앞,15,4,27,37.53023529,127.08683014,ST-113,2023-01-13 11:15:09.581783
516. 광진메디칼 앞,10,9,90,37.54840469,127.06936646,ST-114,2023-01-13 11:15:09.581783
518. 청계천 박물관 앞,20,14,70,37.57152557,127.03535461,ST-234,2023-01-13 11:15:09.581783
519. 양지사거리,20,6,30,37.56699371,127.02991486,ST-235,2023-01-13 11:15:09.581783
520. 상왕십리역 4번 출구 앞,8,2,25,37.56385803,127.03031921,ST-236,2023-01-13 11:15:09.581783
521. 왕십리역 11번 출구 앞,14,13,93,37.56144714,127.03491974,ST-237,2023-01-13 11:15:09.581783
522. 금호역 1번출구 앞,9,3,33,37.54864120,127.01642609,ST-238,2023-01-13 11:15:09.581783
523. 옥수동성당 옆,7,1,14,37.54366302,127.01406097,ST-239,2023-01-13 11:15:09.581783
524. 래미안금호하이리버 아파트 102동 옆,10,1,10,37.55220032,127.02505493,ST-240,2023-01-13 11:15:09.581783
525. 한양대병원사거리,20,0,0,37.55805206,127.04035187,ST-241,2023-01-13 11:15:09.581783
526. 용답토속공원 앞,10,11,110,37.56351089,127.05672455,ST-242,2023-01-13 11:15:09.581783
529. 장한평역 8번 출구 앞,8,7,88,37.56137085,127.06365967,ST-243,2023-01-13 11:15:09.581783
530. 청계벽산아파트 앞,9,13,144,37.56874847,127.03040314,ST-244,2023-01-13 11:15:09.581783
533. 금남시장 교차로,7,18,257,37.54814911,127.02108765,ST-245,2023-01-13 11:15:09.581783
534. 금호사거리,10,9,90,37.54863358,127.02572632,ST-246,2023-01-13 11:15:09.581783
535. 응봉삼거리,11,0,0,37.55398560,127.03359222,ST-247,2023-01-13 11:15:09.581783
536. 행당역 2번출구 앞,8,10,125,37.55735016,127.02921295,ST-248,2023-01-13 11:15:09.581783
537. 한양대후문역 부근,10,0,0,37.56035614,127.04139709,ST-249,2023-01-13 11:15:09.581783
538. 답십리역 8번출구 앞,15,29,193,37.56764984,127.05115509,ST-250,2023-01-13 11:15:09.581783
539. 군자교교차로,10,6,60,37.55979538,127.07420349,ST-252,2023-01-13 11:15:09.581783
540. 군자역 7번출구 베스트샵 앞,8,7,88,37.55603027,127.07864380,ST-253,2023-01-13 11:15:09.581783
542. 강변역 4번출구 뒤,19,0,0,37.53546524,127.09448242,ST-254,2023-01-13 11:15:09.581783
543. 구의공원(테크노마트 앞),20,0,0,37.53596878,127.09467316,ST-255,2023-01-13 11:15:09.581783
544. 광남중학교,20,9,45,37.54072952,127.10290527,ST-256,2023-01-13 11:15:09.581783
546. 잠실대교북단 교차로,8,4,50,37.53247833,127.08509064,ST-257,2023-01-13 11:15:09.581783
548. 자양나들목,20,21,105,37.52976990,127.07485962,ST-258,2023-01-13 11:15:09.581783
549. 아차산역 3번출구,10,4,40,37.55122375,127.08970642,ST-259,2023-01-13 11:15:09.581783
550. 서울시설공단 앞,15,5,33,37.57164001,127.03565979,ST-251,2023-01-13 11:15:09.581783
551. 구의삼성쉐르빌 앞,13,11,85,37.54006195,127.09449768,ST-377,2023-01-13 11:15:09.581783
552. 대림아크로리버 앞,9,5,56,37.53657913,127.09297180,ST-378,2023-01-13 11:15:09.581783
553. 중곡 성원아파트 앞,19,12,63,37.57125473,127.07980347,ST-379,2023-01-13 11:15:09.581783
555. 구의3동주민센터,9,2,22,37.53784943,127.09217072,ST-381,2023-01-13 11:15:09.581783
556. 달맞이공원,14,0,0,37.54205322,127.02040100,ST-357,2023-01-13 11:15:09.581783
557. 도선동 주민센터 앞,10,28,280,37.56764221,127.02569580,ST-358,2023-01-13 11:15:09.581783
558. 성동광진 교육지원청 앞,20,8,40,37.56460571,127.03652191,ST-359,2023-01-13 11:15:09.581783
559. 왕십리역 4번 출구 건너편,13,7,54,37.56109619,127.03679657,ST-360,2023-01-13 11:15:09.581783
560. 비전교회 앞,8,18,225,37.55120468,127.06893158,ST-361,2023-01-13 11:15:09.581783
561. 서울숲역 2번출구 앞,10,1,10,37.54281616,127.04467010,ST-362,2023-01-13 11:15:09.581783
562. 군자지하보도 앞,10,8,80,37.55924606,127.07341003,ST-363,2023-01-13 11:15:09.581783
563. 성동세무서 건너편,10,4,40,37.54791260,127.06275177,ST-364,2023-01-13 11:15:09.581783
564. 금호역 3번출구,10,5,50,37.54792786,127.01557159,ST-365,2023-01-13 11:15:09.581783
565. 옥수역 3번출구,19,13,68,37.54136658,127.01776123,ST-366,2023-01-13 11:15:09.581783
567. 성수역 2번출구 앞,15,3,20,37.54459000,127.05708313,ST-368,2023-01-13 11:15:09.581783
568. 청계8가사거리 부근,14,21,150,37.57110214,127.02355957,ST-369,2023-01-13 11:15:09.581783
569. 응봉현대아파트 정류소,10,6,60,37.54958344,127.03024292,ST-370,2023-01-13 11:15:09.581783
571. 세종대학교 대양AI센터,20,5,25,37.55039597,127.07585907,ST-382,2023-01-13 11:15:09.581783
573. 구의문주차장 앞,10,12,120,37.54523087,127.08473206,ST-384,2023-01-13 11:15:09.581783
574. 아차산역4번출구,45,6,13,37.55184937,127.08898163,ST-385,2023-01-13 11:15:09.581783
575. 대원중고교 입구(대하빌딩),10,1,10,37.56429291,127.08693695,ST-386,2023-01-13 11:15:09.581783
576. 광나루역 3번 출구,10,4,40,37.54483032,127.10426331,ST-387,2023-01-13 11:15:09.581783
577. 광진청소년수련관,10,2,20,37.54654694,127.10613251,ST-388,2023-01-13 11:15:09.581783
578. 성동세무서 부근,8,2,25,37.54829025,127.06246185,ST-371,2023-01-13 11:15:09.581783
579. 마장역 4번출구,8,4,50,37.56520462,127.04184723,ST-372,2023-01-13 11:15:09.581783
582. 경일중학교 앞,10,11,110,37.54317856,127.04907990,ST-375,2023-01-13 11:15:09.581783
583. 청계천 생태교실 앞,20,36,180,37.56797028,127.04689026,ST-376,2023-01-13 11:15:09.581783
584. 광진광장 교통섬,20,21,105,37.54782867,127.07263184,ST-445,2023-01-13 11:15:09.581783
585. 성수2가1동 공영주차장 인근,9,5,56,37.53680801,127.05548859,ST-446,2023-01-13 11:15:09.581783
586. 마장동 주민센터,10,12,120,37.56594086,127.04539490,ST-447,2023-01-13 11:15:09.581783
587. 유니베라 앞,10,2,20,37.54541779,127.05264282,ST-482,2023-01-13 11:15:09.581783
588. 뚝섬 유원지역,20,14,70,37.53268814,127.06749725,ST-483,2023-01-13 11:15:09.581783
589. 성수역3번출구,8,0,0,37.54415894,127.05665588,ST-506,2023-01-13 11:15:09.581783
590. 건국대학교 (입학정보관),20,0,0,37.53989029,127.07336426,ST-972,2023-01-13 11:15:09.581783
591. 건국대학교 (행정관),5,1,20,37.54277802,127.07537079,ST-973,2023-01-13 11:15:09.581783
592. 건국대학교 학생회관,30,7,23,37.54191208,127.07763672,ST-974,2023-01-13 11:15:09.581783
593.자양중앙나들목,8,26,325,37.52858734,127.07787323,ST-980,2023-01-13 11:15:09.581783
594. 중랑물재생센터(서울새활용플라자),15,8,53,37.55836487,127.05690765,ST-967,2023-01-13 11:15:09.581783
600. 휘경2동 주민센터,10,6,60,37.58991241,127.06867981,ST-260,2023-01-13 11:15:09.581783
601. 용신동주민센터,10,3,30,37.57594681,127.03736115,ST-261,2023-01-13 11:15:09.581783
602. 장안동 사거리,10,45,450,37.57217407,127.07138824,ST-262,2023-01-13 11:15:09.581783
605. 신설동역8번출구,8,9,113,37.57419968,127.02649689,ST-265,2023-01-13 11:15:09.581783
606. 휘경공고앞,15,1,7,37.58462524,127.07028961,ST-266,2023-01-13 11:15:09.581783
607. 신이문역 2번출구,15,20,133,37.60271072,127.06786346,ST-267,2023-01-13 11:15:09.581783
608. 전농삼성아파트,10,11,110,37.58131027,127.05534363,ST-268,2023-01-13 11:15:09.581783
609. 제기2교,30,17,57,37.58774567,127.03738403,ST-269,2023-01-13 11:15:09.581783
610. 동대문중 교차로,10,16,160,37.57308578,127.05216217,ST-270,2023-01-13 11:15:09.581783
612. 시립동부병원 앞 사거리,20,35,175,37.57366562,127.03081512,ST-271,2023-01-13 11:15:09.581783
613. 신설동역 10번출구 앞,8,7,88,37.57527161,127.02346802,ST-272,2023-01-13 11:15:09.581783
614. 용두동 사거리,23,17,74,37.57768631,127.03101349,ST-273,2023-01-13 11:15:09.581783
615. 용두동 래미안허브리츠아파트 앞,25,27,108,37.57638168,127.03511047,ST-274,2023-01-13 11:15:09.581783
616. 서울시립대 앞,10,0,0,37.58256149,127.05436707,ST-275,2023-01-13 11:15:09.581783
617. 청솔우성아파트 앞,20,27,135,37.57420349,127.05769348,ST-276,2023-01-13 11:15:09.581783
621. 동대문중학교 옆,8,15,188,37.57489014,127.05353546,ST-389,2023-01-13 11:15:09.581783
622. 전농사거리 교통섬,15,18,120,37.57779312,127.05783081,ST-390,2023-01-13 11:15:09.581783
623. 서울시립대 정문 앞,25,5,20,37.58369827,127.05385590,ST-391,2023-01-13 11:15:09.581783
624. 전농동 동아아파트 앞,10,13,130,37.57418823,127.04589081,ST-392,2023-01-13 11:15:09.581783
626. 군자교 서측 녹지대,17,15,88,37.56115341,127.07096863,ST-394,2023-01-13 11:15:09.581783
627. 장안동삼거리 교통섬,10,9,90,37.57863235,127.07190704,ST-395,2023-01-13 11:15:09.581783
628. 휘봉고등학교 앞,15,16,107,37.58681488,127.06754303,ST-396,2023-01-13 11:15:09.581783
630. 동대문구 보건소,15,15,100,37.57485199,127.04030609,ST-397,2023-01-13 11:15:09.581783
631. 답십리역 1번출구,15,32,213,37.56818390,127.05127716,ST-398,2023-01-13 11:15:09.581783
633. 청량리 기업은행 앞,8,17,213,37.58040619,127.04482269,ST-400,2023-01-13 11:15:09.581783
634. 외국어대 정문 앞,24,14,58,37.59601974,127.05982971,ST-401,2023-01-13 11:15:09.581783
635. 시조사 앞,12,6,50,37.58751678,127.05277252,ST-402,2023-01-13 11:15:09.581783
636. 세종대왕기념관 교차로,9,3,33,37.59090042,127.04258728,ST-403,2023-01-13 11:15:09.581783
637. KAIST 경영대학 앞,10,2,20,37.59161377,127.04579163,ST-404,2023-01-13 11:15:09.581783
638. 서울시립대 정보기술관,10,17,170,37.58300781,127.06097412,ST-405,2023-01-13 11:15:09.581783
639. 서울시립대 후문,14,0,0,37.58519745,127.06095123,ST-406,2023-01-13 11:15:09.581783
640. 동대문경찰서 교차로,6,12,200,37.58255005,127.04460144,ST-407,2023-01-13 11:15:09.581783
641. 용두역 4번출구,10,3,30,37.57375336,127.03853607,ST-408,2023-01-13 11:15:09.581783
642. 신답역 사거리,9,9,100,37.57035446,127.04843140,ST-409,2023-01-13 11:15:09.581783
643. 동대문구민체육센터 (육교아래),10,19,190,37.56697083,127.07429504,ST-410,2023-01-13 11:15:09.581783
646. 장한평역 1번출구,10,0,0,37.56196594,127.06450653,ST-1298,2023-01-13 11:15:09.581783
647. 신이문역 1번출구,10,13,130,37.60279846,127.06726837,ST-1299,2023-01-13 11:15:09.581783
648. 장안동위더스빌옆,15,21,140,37.56669998,127.06242371,ST-1300,2023-01-13 11:15:09.581783
650. 중랑교사거리,20,3,15,37.59153366,127.06774139,ST-1302,2023-01-13 11:15:09.581783
652. 답십리 래미안엘파인아파트 입구,10,20,200,37.57653046,127.06594086,ST-1447,2023-01-13 11:15:09.581783
654. 전농동 텃골공원,10,18,180,37.57762146,127.05210876,ST-1449,2023-01-13 11:15:09.581783
656. 영휘원 교차로,10,15,150,37.58723831,127.04313660,ST-1628,2023-01-13 11:15:09.581783
657. 동대문롯데캐슬아파트 앞,13,8,62,37.57551956,127.04877472,ST-1629,2023-01-13 11:15:09.581783
659. 제기역1번출구,25,33,132,37.57835007,127.03338623,ST-1631,2023-01-13 11:15:09.581783
660. 동의보감타워,10,16,160,37.57799911,127.03762817,ST-1632,2023-01-13 11:15:09.581783
661. 경희대학교 청운관,15,6,40,37.59460068,127.05197144,ST-1625,2023-01-13 11:15:09.581783
663. 외대앞역 4번출구,10,3,30,37.59489059,127.06302643,ST-1671,2023-01-13 11:15:09.581783
664. 서울시립대 건설공학관,10,1,10,37.58412933,127.05793762,ST-1758,2023-01-13 11:15:09.581783
665.이문동 쌍용아파트 정문,11,11,100,37.59960556,127.06864166,ST-2265,2023-01-13 11:15:09.581783
666.이문대성유니드아파트 앞,20,9,45,37.60362244,127.07083130,ST-2266,2023-01-13 11:15:09.581783
667.청량차도 육교 밑,7,11,157,37.58659363,127.04699707,ST-2267,2023-01-13 11:15:09.581783
668.서울축산농협(장안지점),10,36,360,37.56799698,127.06877899,ST-2268,2023-01-13 11:15:09.581783
669.청계한신휴플러스앞 삼거리,10,11,110,37.57214737,127.04460907,ST-2269,2023-01-13 11:15:09.581783
670.삼육서울병원 버스정류장,9,23,256,37.58968735,127.06140900,ST-2270,2023-01-13 11:15:09.581783
671.대광빌딩,10,12,120,37.57734299,127.02337646,ST-2271,2023-01-13 11:15:09.581783
672.대광고등학교,17,11,65,37.57875061,127.02402496,ST-2272,2023-01-13 11:15:09.581783
673.안암골벽산아파트(후문),10,16,160,37.58407974,127.03103638,ST-2273,2023-01-13 11:15:09.581783
674.고대앞사거리 교통섬,15,16,107,37.58655167,127.03314209,ST-2274,2023-01-13 11:15:09.581783
676.FITI시험연구원 앞,9,8,89,37.58143234,127.03547668,ST-2276,2023-01-13 11:15:09.581783
678.장안힐스테이트(아) 앞,21,31,148,37.57655716,127.07431030,ST-2278,2023-01-13 11:15:09.581783
679.전농SK아파트 앞,10,8,80,37.57787704,127.06168365,ST-2279,2023-01-13 11:15:09.581783
680.꿈마루어린이도서관 앞,22,19,86,37.59238434,127.05741119,ST-2280,2023-01-13 11:15:09.581783
681.서울특별시 동부교육지원청(육교),14,11,79,37.57983780,127.05637360,ST-2281,2023-01-13 11:15:09.581783
700. KB국민은행 염창역 지점 앞,20,19,95,37.54684830,126.87277222,ST-308,2023-01-13 11:15:09.581783
701. 목동사거리 부근,8,22,275,37.53280258,126.86392975,ST-309,2023-01-13 11:15:09.581783
702. 목4동주민센터 옆,19,33,174,37.53254318,126.86872864,ST-310,2023-01-13 11:15:09.581783
703. 오목교역 7번출구 앞,12,10,83,37.52362823,126.87524414,ST-311,2023-01-13 11:15:09.581783
704. 남부법원검찰청 교차로,14,2,14,37.52325439,126.86490631,ST-312,2023-01-13 11:15:09.581783
706. 신정네거리역,15,8,53,37.52188110,126.85175323,ST-313,2023-01-13 11:15:09.581783
708. 서울출입국관리사무소 앞,16,26,163,37.51897049,126.86996460,ST-315,2023-01-13 11:15:09.581783
709. 신정3동 현장민원실 앞,20,32,160,37.51158524,126.84156036,ST-316,2023-01-13 11:15:09.581783
710. 금옥여고보도육교,10,12,120,37.50971222,126.84416962,ST-317,2023-01-13 11:15:09.581783
711. 신일해피트리아파트 앞,20,15,75,37.51705933,126.84848785,ST-318,2023-01-13 11:15:09.581783
712. 강월초교입구 사거리,14,9,64,37.51699829,126.83831787,ST-319,2023-01-13 11:15:09.581783
713. 양서중학교 옆,20,14,70,37.53304672,126.82995605,ST-320,2023-01-13 11:15:09.581783
714. 한국SGI 양천문화회관 앞,10,6,60,37.53254700,126.83080292,ST-321,2023-01-13 11:15:09.581783
716.신정6동 주민센터 인근,23,7,30,37.51731873,126.86431885,ST-428,2023-01-13 11:15:09.581783
719. 홍익병원앞 교차로,10,9,90,37.53036880,126.86425781,ST-431,2023-01-13 11:15:09.581783
720. 서울강월초등학교 앞,10,20,200,37.51619720,126.83489990,ST-432,2023-01-13 11:15:09.581783
722. 경서농협 버스정류장(우리은행신정동지점방향),10,11,110,37.52151108,126.85738373,ST-993,2023-01-13 11:15:09.581783
723. SBS방송국,15,7,47,37.52916336,126.87274933,ST-994,2023-01-13 11:15:09.581783
724. 계남공원 입구 주출입구 좌측,10,4,40,37.51068115,126.85739899,ST-995,2023-01-13 11:15:09.581783
725. 양강중학교앞 교차로,15,4,27,37.52433395,126.85054779,ST-996,2023-01-13 11:15:09.581783
726. 목동3단지 시내버스정류장,18,38,211,37.53438950,126.86959839,ST-997,2023-01-13 11:15:09.581783
729. 서부식자재마트 건너편,10,8,80,37.51037979,126.86679840,ST-1000,2023-01-13 11:15:09.581783
731. 서울시 도로환경관리센터,10,10,100,37.52989960,126.87654114,ST-1002,2023-01-13 11:15:09.581783
732. 신월중학교,10,1,10,37.53955078,126.82830048,ST-1003,2023-01-13 11:15:09.581783
733. 신정이펜하우스314동,10,19,190,37.51409912,126.83100128,ST-1004,2023-01-13 11:15:09.581783
734. 신트리공원 입구,10,27,270,37.51395035,126.85605621,ST-1005,2023-01-13 11:15:09.581783
735. 영도초등학교,10,29,290,37.53637695,126.87151337,ST-1006,2023-01-13 11:15:09.581783
736. 오솔길공원,10,5,50,37.52219009,126.83670044,ST-1007,2023-01-13 11:15:09.581783
737. 장수공원,10,4,40,37.52256012,126.84947968,ST-1008,2023-01-13 11:15:09.581783
739. 신월사거리,15,23,153,37.53620148,126.82779694,ST-1010,2023-01-13 11:15:09.581783
740. 으뜸공원,10,13,130,37.53636932,126.83171082,ST-1011,2023-01-13 11:15:09.581783
741. 화곡로 입구 교차로,10,9,90,37.53952026,126.82540131,ST-1012,2023-01-13 11:15:09.581783
742. 등촌역 5번 출구 뒤,10,1,10,37.55073166,126.86457825,ST-1013,2023-01-13 11:15:09.581783
743. 현대6차아파트 101동 옆,10,13,130,37.50889969,126.84268188,ST-1014,2023-01-13 11:15:09.581783
744. 신목동역 2번 출구,40,3,8,37.54384232,126.88254547,ST-1015,2023-01-13 11:15:09.581783
745. 강서초등학교,10,26,260,37.52228165,126.83969879,ST-1016,2023-01-13 11:15:09.581783
746. 목동2단지 상가,10,0,0,37.53650284,126.87774658,ST-1017,2023-01-13 11:15:09.581783
747. 목동3단지 상가,10,3,30,37.53458023,126.87564850,ST-1018,2023-01-13 11:15:09.581783
748. 목동운동장,15,13,87,37.53025055,126.87930298,ST-1019,2023-01-13 11:15:09.581783
749. 이대목동병원보도육교,10,2,20,37.53722763,126.88661194,ST-1350,2023-01-13 11:15:09.581783
750. 연의근린공원 건너편,10,1,10,37.51215744,126.83562469,ST-1398,2023-01-13 11:15:09.581783
752. 성원2차 아파트,10,21,210,37.54218292,126.86330414,ST-1400,2023-01-13 11:15:09.581783
754. 목동1단지아파트 118동 앞,10,21,210,37.54114151,126.87667847,ST-1495,2023-01-13 11:15:09.581783
755. 목동1단지아파트 상가 앞,10,4,40,37.53786850,126.88140869,ST-1496,2023-01-13 11:15:09.581783
756. 목동주차장,15,25,167,37.52667999,126.87616730,ST-1497,2023-01-13 11:15:09.581783
757. 신정이펜하우스 1단지아파트 입구 사거리,10,16,160,37.51427841,126.82874298,ST-1498,2023-01-13 11:15:09.581783
758. 한사랑교회 앞,13,7,54,37.51472092,126.85919952,ST-1499,2023-01-13 11:15:09.581783
759. 보아스아파트 앞,10,15,150,37.52407074,126.83860016,ST-1500,2023-01-13 11:15:09.581783
760. 잣절보도육교 아래,10,9,90,37.50682068,126.84429932,ST-1501,2023-01-13 11:15:09.581783
762. 오목로 무중력지대 앞,10,2,20,37.52474213,126.87766266,ST-1503,2023-01-13 11:15:09.581783
763. 목동11단지 아파트,10,14,140,37.51065826,126.85916138,ST-1504,2023-01-13 11:15:09.581783
764. 목동청소년수련관,30,8,27,37.53102875,126.87589264,ST-1505,2023-01-13 11:15:09.581783
765. 오목교역 3번출구,12,5,42,37.52477646,126.87548065,ST-1731,2023-01-13 11:15:09.581783
766. 신목동역 3번출구,15,2,13,37.54394913,126.88346100,ST-1736,2023-01-13 11:15:09.581783
767.신정숲속마을아파트,10,23,230,37.50574493,126.83631134,ST-1993,2023-01-13 11:15:09.581783
768.목동5단지아파트 501동,15,2,13,37.53566742,126.88158417,ST-1994,2023-01-13 11:15:09.581783
769.CBS방송국 앞,20,15,75,37.52785492,126.87467194,ST-1995,2023-01-13 11:15:09.581783
770.목동역5번출구 교통정보센터 앞,15,37,247,37.52571487,126.86486816,ST-1996,2023-01-13 11:15:09.581783
771.목동아파트 703동 앞,8,4,50,37.52820587,126.87016296,ST-1997,2023-01-13 11:15:09.581783
"773.염창역 3, 4번 출구 사이",10,12,120,37.54670715,126.87457275,ST-1999,2023-01-13 11:15:09.581783
774.등촌역 4번 출구 ,11,1,9,37.54950714,126.86721802,ST-2000,2023-01-13 11:15:09.581783
775.세종그랑시아 앞(102동),10,4,40,37.53837585,126.86383057,ST-2001,2023-01-13 11:15:09.581783
776.목마공원,15,13,87,37.53874207,126.88568115,ST-2002,2023-01-13 11:15:09.581783
777.신월6차보람아파트 앞,10,14,140,37.53012848,126.83477783,ST-2003,2023-01-13 11:15:09.581783
779. 신정1동 주민센터 앞,20,15,75,37.51854324,126.85388184,ST-2005,2023-01-13 11:15:09.581783
780.신정교 하부,15,36,240,37.51733780,126.87764740,ST-2006,2023-01-13 11:15:09.581783
781.신정보도육교 아래,15,30,200,37.51759338,126.87655640,ST-2007,2023-01-13 11:15:09.581783
782.서남병원 후문,20,36,180,37.51167297,126.83274078,ST-2008,2023-01-13 11:15:09.581783
"785.양천구청, 보건소 사잇길",20,10,50,37.51732635,126.86630249,ST-2011,2023-01-13 11:15:09.581783
786.목동아파트 8단지 상가동 앞,9,20,222,37.52007294,126.86830139,ST-2012,2023-01-13 11:15:09.581783
787.양천아파트 입구,14,37,264,37.50790405,126.86264801,ST-2013,2023-01-13 11:15:09.581783
788.양천구청역 2번출구 옆,15,1,7,37.51228714,126.86528015,ST-2014,2023-01-13 11:15:09.581783
791.현대하이페리온,15,6,40,37.52490616,126.86978912,ST-2016,2023-01-13 11:15:09.581783
792.목동트라팰리스 웨스턴에비뉴,20,4,20,37.52537155,126.87092590,ST-2017,2023-01-13 11:15:09.581783
793.목동5단지아파트 534동,15,6,40,37.53302002,126.87789917,ST-2039,2023-01-13 11:15:09.581783
794.양천문화회관,10,10,100,37.51686478,126.86296082,ST-2395,2023-01-13 11:15:09.581783
795.양천 해누리타운,12,2,17,37.51584244,126.86411285,ST-2396,2023-01-13 11:15:09.581783
796.목동아파트 14단지 B상가 앞,10,9,90,37.51466370,126.87194061,ST-2397,2023-01-13 11:15:09.581783
797.목동아파트 1422동 1434동 사잇길,10,32,320,37.51515579,126.87248993,ST-2398,2023-01-13 11:15:09.581783
800. 목월공원 앞,15,3,20,37.53243256,126.95474243,ST-322,2023-01-13 11:15:09.581783
802. 한강진역 2번 출구 앞,10,1,10,37.54115295,127.00221252,ST-324,2023-01-13 11:15:09.581783
803. 한남초교 앞 보도육교,10,10,100,37.53813934,127.00409698,ST-325,2023-01-13 11:15:09.581783
805. 문배어린이공원 앞,9,16,178,37.53675842,126.97000122,ST-326,2023-01-13 11:15:09.581783
806. 전자랜드 본관 앞,20,9,45,37.53306580,126.96073151,ST-327,2023-01-13 11:15:09.581783
807. 서울역 12번 출구 앞,10,10,100,37.55227661,126.97268677,ST-328,2023-01-13 11:15:09.581783
808. 서빙고동 금호맨션 앞,10,7,70,37.52050400,126.98973846,ST-329,2023-01-13 11:15:09.581783
809. 한남 유수지 복개주차장,10,24,240,37.53016663,127.00743866,ST-330,2023-01-13 11:15:09.581783
810. 이태원지하보도,10,1,10,37.53841019,126.98664856,ST-331,2023-01-13 11:15:09.581783
811. 녹사평역1번출구,20,15,75,37.53507996,126.98538208,ST-332,2023-01-13 11:15:09.581783
812. 용산전쟁기념관,10,2,20,37.53483963,126.97766113,ST-333,2023-01-13 11:15:09.581783
813. 삼각지역 3번출구,20,19,95,37.53351212,126.97227478,ST-334,2023-01-13 11:15:09.581783
815. LIG강촌아파트 103동앞,30,33,110,37.51850891,126.97879791,ST-335,2023-01-13 11:15:09.581783
816. 신용산역 6번출구 앞,25,11,44,37.53014755,126.96848297,ST-435,2023-01-13 11:15:09.581783
817. 삼각지역 4번출구 앞,9,11,122,37.53345108,126.97173309,ST-436,2023-01-13 11:15:09.581783
818. 숙명여대 입구 교차로,12,12,100,37.54489517,126.96938324,ST-437,2023-01-13 11:15:09.581783
819. 선린인터넷 고등학교,12,17,142,37.54165268,126.97050476,ST-438,2023-01-13 11:15:09.581783
820. 청파동입구 교차로,10,6,60,37.54902649,126.97194672,ST-439,2023-01-13 11:15:09.581783
822. 이촌1동 마을공원,10,7,70,37.52202606,126.96618652,ST-440,2023-01-13 11:15:09.581783
823. 효창동주민센터 앞,10,10,100,37.54232025,126.96195984,ST-441,2023-01-13 11:15:09.581783
825. 서빙고동 주민센터 앞,15,14,93,37.52033615,126.99426270,ST-442,2023-01-13 11:15:09.581783
826. 서울역 서부교차로2,20,25,125,37.55536652,126.96864319,ST-946,2023-01-13 11:15:09.581783
827. 국군복지단,14,1,7,37.54188538,126.97966003,ST-1324,2023-01-13 11:15:09.581783
828. 숙대입구역 8번,7,0,0,37.54407883,126.97200012,ST-1325,2023-01-13 11:15:09.581783
829. 베르가모앞,40,5,13,37.52293015,126.96169281,ST-1326,2023-01-13 11:15:09.581783
830. 청암자이아파트앞,10,4,40,37.53442383,126.94857025,ST-1327,2023-01-13 11:15:09.581783
831. 이태원관광특구입구,10,0,0,37.53427887,126.98856354,ST-1328,2023-01-13 11:15:09.581783
832. 이촌1동 주민센터 뒤,20,29,145,37.52128220,126.97346497,ST-1339,2023-01-13 11:15:09.581783
834. 효창공원앞역 3번출구 뒤,15,35,233,37.53900909,126.96138000,ST-1341,2023-01-13 11:15:09.581783
835. 남영역 건너편,10,3,30,37.54198074,126.97154236,ST-1342,2023-01-13 11:15:09.581783
836. 현대자동차서비스 앞,15,7,47,37.53142166,126.95149994,ST-1343,2023-01-13 11:15:09.581783
837. 한남나들목 입구,10,9,90,37.52906036,127.00672913,ST-1344,2023-01-13 11:15:09.581783
838. 숙대입구역 4번출구,8,14,175,37.54446030,126.97238922,ST-1376,2023-01-13 11:15:09.581783
839. 보광동 삼성리버빌아파트 앞,10,23,230,37.52400970,127.00144958,ST-1441,2023-01-13 11:15:09.581783
840. 용산 파크타워 앞,10,14,140,37.52365112,126.97026825,ST-1442,2023-01-13 11:15:09.581783
841. 신용산역 1번 출구,30,40,133,37.52960968,126.96887207,ST-1443,2023-01-13 11:15:09.581783
844. 이촌2동 동원베네스트 아파트 앞,15,31,207,37.52714920,126.95516205,ST-1446,2023-01-13 11:15:09.581783
845. 용산 선인상가,16,1,6,37.53269958,126.96437836,ST-1615,2023-01-13 11:15:09.581783
846. 용산중학교,15,0,0,37.54650116,126.98094940,ST-1721,2023-01-13 11:15:09.581783
848. 삼각지12번 출구,10,24,240,37.53488922,126.97562408,ST-2172,2023-01-13 11:15:09.581783
849. 삼각지 자이아파트,20,27,135,37.53607941,126.97341919,ST-2173,2023-01-13 11:15:09.581783
850. KCC용산월츠타워 ,15,12,80,37.53739929,126.96892548,ST-2174,2023-01-13 11:15:09.581783
851.효창 푸르지오 앞,10,5,50,37.54047775,126.95811462,ST-2175,2023-01-13 11:15:09.581783
852.청암자이APT(103동),30,15,50,37.53452682,126.94718170,ST-2176,2023-01-13 11:15:09.581783
853.용산역 맞은편,19,2,11,37.52856827,126.96569061,ST-2177,2023-01-13 11:15:09.581783
854.HID 유족동지회 앞,10,3,30,37.53872681,127.00154877,ST-2178,2023-01-13 11:15:09.581783
855.이촌역5번출구 앞,10,2,20,37.52272415,126.97277069,ST-2179,2023-01-13 11:15:09.581783
857. 현대 안성타워,10,16,160,37.53502274,126.99805450,ST-2181,2023-01-13 11:15:09.581783
858.녹사평역3번 출구,10,1,10,37.53440857,126.98689270,ST-2182,2023-01-13 11:15:09.581783
860.LG한강 자이아파트 앞,22,8,36,37.52074814,126.97082520,ST-2184,2023-01-13 11:15:09.581783
863.이촌역2번 출구,10,2,20,37.52177048,126.97700500,ST-2187,2023-01-13 11:15:09.581783
864.순천향대학병원(한남오거리),10,9,90,37.53514099,127.00600433,ST-2188,2023-01-13 11:15:09.581783
865.하얏트호텔 앞,10,0,0,37.54079437,126.99784851,ST-2189,2023-01-13 11:15:09.581783
866.브라운스톤 남산아파트,10,11,110,37.55154800,126.97686005,ST-2190,2023-01-13 11:15:09.581783
867.서빙고역 광장(1번출구),10,17,170,37.51990891,126.98923492,ST-2191,2023-01-13 11:15:09.581783
869.노들섬 동측 앞,10,2,20,37.51729584,126.95914459,ST-2239,2023-01-13 11:15:09.581783
870.노들섬 서측 앞,10,17,170,37.51731873,126.95829773,ST-2240,2023-01-13 11:15:09.581783
900. 은평예술회관,20,10,50,37.60394287,126.92769623,ST-448,2023-01-13 11:15:09.581783
902. 진관동 은빛초등학교,10,10,100,37.64310837,126.91822052,ST-450,2023-01-13 11:15:09.581783
903. 은평뉴타운 아이파크,20,22,110,37.64586639,126.92739105,ST-451,2023-01-13 11:15:09.581783
904. 은평뉴타운 푸르지오,18,21,117,37.64867401,126.93070221,ST-452,2023-01-13 11:15:09.581783
905. 구파발역 2번출구,10,13,130,37.63623428,126.91899872,ST-453,2023-01-13 11:15:09.581783
906. 연신내역 5번출구,10,10,100,37.61721039,126.91957855,ST-454,2023-01-13 11:15:09.581783
907. CJ 드림시티,10,11,110,37.59949112,126.91686249,ST-455,2023-01-13 11:15:09.581783
908. 구산역 4번출구,10,4,40,37.61318588,126.91735077,ST-456,2023-01-13 11:15:09.581783
909. 백련산 힐스테이트 3차,10,1,10,37.58699417,126.92288208,ST-457,2023-01-13 11:15:09.581783
911. 은평평화공원(역촌역4번출구),10,9,90,37.60558319,126.92293549,ST-459,2023-01-13 11:15:09.581783
912. 응암오거리,20,22,110,37.58966064,126.91694641,ST-460,2023-01-13 11:15:09.581783
913. 이마트 버스정류장(서부경찰서 방면),15,7,47,37.60070038,126.92012787,ST-461,2023-01-13 11:15:09.581783
914. 새절역 2번출구,20,19,95,37.59079742,126.91365051,ST-462,2023-01-13 11:15:09.581783
915. 증산역 4번출구,10,13,130,37.58438110,126.90989685,ST-463,2023-01-13 11:15:09.581783
916. 평생학습관 앞,13,23,177,37.60784912,126.92132568,ST-464,2023-01-13 11:15:09.581783
917. 녹번역 3번출구,10,1,10,37.60078049,126.93521118,ST-465,2023-01-13 11:15:09.581783
919. 서울혁신파크,10,5,50,37.60702515,126.93331146,ST-467,2023-01-13 11:15:09.581783
921. 신도고등학교,10,0,0,37.63001633,126.91902924,ST-469,2023-01-13 11:15:09.581783
922. 연신내역 4번출구,10,0,0,37.61780167,126.92196655,ST-470,2023-01-13 11:15:09.581783
923. 국민은행 연서지점,10,4,40,37.62094879,126.92563629,ST-471,2023-01-13 11:15:09.581783
924. 메뚜기다리,12,9,75,37.62851715,126.92958069,ST-472,2023-01-13 11:15:09.581783
925. 불광역 2번출구,8,1,13,37.60956573,126.93097687,ST-473,2023-01-13 11:15:09.581783
927. 연신내역 3번출구 인근,10,3,30,37.61785507,126.92252350,ST-475,2023-01-13 11:15:09.581783
928. 은평역사한옥박물관,15,6,40,37.64131546,126.93804169,ST-476,2023-01-13 11:15:09.581783
930. 구 서부경찰서 건너편,7,6,86,37.60166168,126.92030334,ST-478,2023-01-13 11:15:09.581783
931. 역촌파출소,32,26,81,37.60473633,126.91533661,ST-479,2023-01-13 11:15:09.581783
932. 예일여중,20,15,75,37.61000443,126.91639709,ST-480,2023-01-13 11:15:09.581783
933. 역촌종합시장 버스정류장(예일여고 방면),15,22,147,37.61248398,126.91487885,ST-481,2023-01-13 11:15:09.581783
934. 신사동 성당,10,9,90,37.59714127,126.90959930,ST-1020,2023-01-13 11:15:09.581783
937. 상림마을 롯데캐슬2단지 옆,10,10,100,37.64585114,126.92379761,ST-1023,2023-01-13 11:15:09.581783
938. 금암 문화공원,10,9,90,37.64468384,126.91845703,ST-1024,2023-01-13 11:15:09.581783
939. 은평구청 교차로,15,4,27,37.60169983,126.92742157,ST-1025,2023-01-13 11:15:09.581783
941. 은평뉴타운 도서관,13,0,0,37.63722229,126.93330383,ST-1027,2023-01-13 11:15:09.581783
942. 상림마을 생태공원,9,10,111,37.64408112,126.92928314,ST-1028,2023-01-13 11:15:09.581783
945. 기자촌 사거리,10,2,20,37.63414001,126.93234253,ST-1031,2023-01-13 11:15:09.581783
946. 독바위역 ,16,1,6,37.61843872,126.93288422,ST-1032,2023-01-13 11:15:09.581783
947. 연신내 선일하이츠빌 정류소,10,2,20,37.62266922,126.91999054,ST-1033,2023-01-13 11:15:09.581783
948. 디지털미디어 시티역 4번출구(DMC역),10,4,40,37.57720184,126.90235138,ST-1034,2023-01-13 11:15:09.581783
949. 연신내역 1번 출구 ,6,15,250,37.61978149,126.92080688,ST-1035,2023-01-13 11:15:09.581783
950. 구산역 2번 출구 예일여고 버스정류장,15,17,113,37.60980225,126.91679382,ST-1036,2023-01-13 11:15:09.581783
952. 서울연신중학교,10,6,60,37.62265015,126.92524719,ST-1038,2023-01-13 11:15:09.581783
953. 서울연신초등학교,10,7,70,37.62577820,126.92881775,ST-1039,2023-01-13 11:15:09.581783
954. 은평뉴타운구파발9단지,10,12,120,37.64260864,126.92147827,ST-1329,2023-01-13 11:15:09.581783
956. 응암시장교차로,9,21,233,37.59441376,126.91801453,ST-1331,2023-01-13 11:15:09.581783
958. 본 서부병원 버스정류장(은평 세무서 방면),13,28,215,37.60036087,126.92281342,ST-1479,2023-01-13 11:15:09.581783
959. 구파발10단지 인근,10,9,90,37.64366150,126.91455841,ST-1480,2023-01-13 11:15:09.581783
960. 구파발역 환승센터,15,11,73,37.63825226,126.91945648,ST-1481,2023-01-13 11:15:09.581783
961. 불광역 9번 출구,8,2,25,37.61096954,126.92980957,ST-1482,2023-01-13 11:15:09.581783
962. 은평뉴타운 힐데스하임,10,6,60,37.63925934,126.91890717,ST-1483,2023-01-13 11:15:09.581783
963. 대호프라자아파트,13,4,31,37.61442947,126.93257904,ST-1484,2023-01-13 11:15:09.581783
964. 북한산힐스테이트 7차아파트,10,0,0,37.61654282,126.92512512,ST-1485,2023-01-13 11:15:09.581783
965. 서울특별시 은평병원,10,0,0,37.59347916,126.92318726,ST-1486,2023-01-13 11:15:09.581783
966. 서울혁신파크1,10,1,10,37.60903168,126.93467712,ST-1487,2023-01-13 11:15:09.581783
967. 서울혁신파크2,13,2,15,37.60890961,126.93241882,ST-1488,2023-01-13 11:15:09.581783
968. 은평뉴타운 상림마을 13단지,7,9,129,37.64208984,126.92941284,ST-1489,2023-01-13 11:15:09.581783
969. 은평 지웰테라스,9,7,78,37.64339447,126.93213654,ST-1490,2023-01-13 11:15:09.581783
971. 역촌 센트레빌 아파트,20,15,75,37.60232925,126.90654755,ST-1674,2023-01-13 11:15:09.581783
972. 수색역,20,15,75,37.58216095,126.89492798,ST-1751,2023-01-13 11:15:09.581783
973.제각말푸르지오 5-1단지 아파트,10,1,10,37.63734818,126.93584442,ST-2241,2023-01-13 11:15:09.581783
974.연신초등학교옆 마을마당,10,3,30,37.62672043,126.92901611,ST-2242,2023-01-13 11:15:09.581783
975.백련산 힐스테이트상가앞,10,5,50,37.59036255,126.92301178,ST-2243,2023-01-13 11:15:09.581783
976.진관고등학교앞,10,13,130,37.64350891,126.92410278,ST-2244,2023-01-13 11:15:09.581783
977.신도중학교앞,10,3,30,37.63310242,126.93150330,ST-2245,2023-01-13 11:15:09.581783
978.녹번 힐스테이트상가앞,10,0,0,37.60100937,126.93592834,ST-2246,2023-01-13 11:15:09.581783
979.원풍빌라앞,10,7,70,37.59186172,126.90608215,ST-2247,2023-01-13 11:15:09.581783
982. 녹번초등학교(서오릉로),10,11,110,37.60412598,126.92508698,ST-2250,2023-01-13 11:15:09.581783
984.상신초등학교앞 버스정류장,9,10,111,37.59580994,126.91026306,ST-2252,2023-01-13 11:15:09.581783
985. 은평세무서 버스정류장(은평구청 방면),10,8,80,37.60119247,126.92638397,ST-2253,2023-01-13 11:15:09.581783
989. 신응교(가좌로) 앞,10,12,120,37.59181213,126.91483307,ST-2257,2023-01-13 11:15:09.581783
991.흥국사 정류장,10,9,90,37.65676880,126.94200897,ST-2259,2023-01-13 11:15:09.581783
992.북한산입구 정류장,10,3,30,37.65842819,126.94606018,ST-2260,2023-01-13 11:15:09.581783
993.은평뉴타운 은뜨락아파트앞,15,0,0,37.63028717,126.91956329,ST-2261,2023-01-13 11:15:09.581783
994.북한산생태공원입구(교통섬),10,3,30,37.61050797,126.93853760,ST-2262,2023-01-13 11:15:09.581783
995.은평다목적체육관,10,10,100,37.63140869,126.92540741,ST-2263,2023-01-13 11:15:09.581783
996.응암역2번출구 국민은행 앞,10,3,30,37.59996796,126.91572571,ST-2264,2023-01-13 11:15:09.581783
1001. 광진교 남단 사거리(천호공원 방면),15,13,87,37.54179382,127.12474823,ST-485,2023-01-13 11:15:09.581783
1002. 해공공원(천호동),10,20,200,37.54526520,127.12593842,ST-486,2023-01-13 11:15:09.581783
1003. 해공도서관앞,20,19,95,37.54395676,127.12548828,ST-487,2023-01-13 11:15:09.581783
1004. 삼성광나루아파트 버스정류장,10,25,250,37.55332947,127.12886810,ST-488,2023-01-13 11:15:09.581783
1006. 롯데캐슬 115동앞,10,0,0,37.55486679,127.14279938,ST-490,2023-01-13 11:15:09.581783
1007.암사동 선사유적지,14,10,71,37.55955887,127.13087463,ST-491,2023-01-13 11:15:09.581783
1008. 암사역 3번출구(국민은행앞),9,26,289,37.54957581,127.12718201,ST-492,2023-01-13 11:15:09.581783
1009. 천호역4번출구(현대백화점),20,8,40,37.53866577,127.12424469,ST-493,2023-01-13 11:15:09.581783
1010. 강동세무서,20,4,20,37.53450775,127.13840485,ST-494,2023-01-13 11:15:09.581783
1011. LIGA 아파트 앞,20,31,155,37.53474426,127.13528442,ST-495,2023-01-13 11:15:09.581783
1012. 서울 상운차량,15,10,67,37.53600693,127.12272644,ST-496,2023-01-13 11:15:09.581783
1013. 강동구청역 1번 출입구,15,3,20,37.53071594,127.12098694,ST-497,2023-01-13 11:15:09.581783
1015. 샛마을 근린공원,13,7,54,37.55003738,127.14691162,ST-499,2023-01-13 11:15:09.581783
1016. 해뜨는 주유소옆 리엔파크 109동앞,10,13,130,37.55939865,127.17118073,ST-500,2023-01-13 11:15:09.581783
1017. 둔촌고교입구 교차로(길동주민센터 방면),20,25,125,37.53544617,127.14518738,ST-501,2023-01-13 11:15:09.581783
1018. 둔촌 주공 GS 맞은편,15,9,60,37.52458954,127.13542175,ST-830,2023-01-13 11:15:09.581783
1019. 다성이즈빌아파트(호원대 대각선 맞은편),10,24,240,37.52679443,127.13005829,ST-502,2023-01-13 11:15:09.581783
1020. 강동경찰서,15,36,240,37.52825165,127.12680054,ST-503,2023-01-13 11:15:09.581783
1021. 강일동 리슈빌 빌딩앞,15,66,440,37.56427383,127.17397308,ST-504,2023-01-13 11:15:09.581783
1022. 길동 사거리(초소앞),20,15,75,37.53377914,127.13799286,ST-505,2023-01-13 11:15:09.581783
1023. 한국종합기술사옥 앞,22,8,36,37.54998398,127.17470551,ST-1040,2023-01-13 11:15:09.581783
1024.  강동구청 앞,10,34,340,37.52929688,127.12315369,ST-1041,2023-01-13 11:15:09.581783
1025. 상일초등학교,10,17,170,37.54684067,127.17251587,ST-1042,2023-01-13 11:15:09.581783
1026. 대명초교 입구 교차로,14,5,36,37.54653549,127.15583801,ST-1043,2023-01-13 11:15:09.581783
1027. 프라자 아파트 앞,20,7,35,37.53596115,127.14781952,ST-1044,2023-01-13 11:15:09.581783
1028. 포레스 주상복합 빌딩,10,10,100,37.53310776,127.12277222,ST-1045,2023-01-13 11:15:09.581783
1029. 성내어울터,10,27,270,37.53655624,127.12553406,ST-1046,2023-01-13 11:15:09.581783
1030. 미호 플랜트 앞,15,15,100,37.52703094,127.12206268,ST-1047,2023-01-13 11:15:09.581783
1031. 올림픽로 836(아리수로),15,20,133,37.55582047,127.12991333,ST-1048,2023-01-13 11:15:09.581783
1032. 선사고등학교,20,10,50,37.55672836,127.13626099,ST-1049,2023-01-13 11:15:09.581783
1033. 고덕동 아남아파트,17,4,24,37.55793381,127.14476776,ST-1050,2023-01-13 11:15:09.581783
1034. 고덕동 래미안 힐스테이트,10,11,110,37.56187820,127.15078735,ST-1051,2023-01-13 11:15:09.581783
1035. 고덕역 4번출구,25,1,4,37.55509567,127.15528107,ST-1052,2023-01-13 11:15:09.581783
1036. 고덕동 주양쇼핑,10,1,10,37.55199051,127.15331268,ST-1053,2023-01-13 11:15:09.581783
1037. 강일리버파크 6단지,10,22,220,37.56256485,127.17761230,ST-1054,2023-01-13 11:15:09.581783
1038. 강일 다솜 어린이 공원,10,29,290,37.56863785,127.17480469,ST-1055,2023-01-13 11:15:09.581783
1039. 고덕초등학교,7,2,29,37.56129837,127.16784668,ST-1056,2023-01-13 11:15:09.581783
1041. 묘곡초등학교,10,4,40,37.55916214,127.15332031,ST-1058,2023-01-13 11:15:09.581783
1042. 강일리버파크 2~5단지,10,31,310,37.56854630,127.17700958,ST-1059,2023-01-13 11:15:09.581783
1044. 굽은다리역,15,19,127,37.54540634,127.14267731,ST-1061,2023-01-13 11:15:09.581783
1047. 강동 한신휴플러스,10,21,210,37.53647232,127.13715363,ST-1369,2023-01-13 11:15:09.581783
1048. 둔촌어린이공원,13,19,146,37.53099442,127.14237213,ST-1370,2023-01-13 11:15:09.581783
1049. 강일리버파크 10단지,10,20,200,37.56120300,127.18026733,ST-1371,2023-01-13 11:15:09.581783
1050.  둔촌역 3번 출입구,15,67,447,37.52678299,127.13557434,ST-1420,2023-01-13 11:15:09.581783
"1051. 강일중,선사고 버스정류장(신암중학교 방면)",15,11,73,37.55483627,127.13732147,ST-1421,2023-01-13 11:15:09.581783
1052. 리싸이클시티,10,1,10,37.55644989,127.15682220,ST-1593,2023-01-13 11:15:09.581783
1053. 동명근린공원 진입로 (아리수로),8,4,50,37.56254578,127.16448212,ST-1594,2023-01-13 11:15:09.581783
1054. 말우물 어린이 공원,5,25,500,37.56002808,127.16967773,ST-1595,2023-01-13 11:15:09.581783
1056. 강일리버파크 7~11단지,10,58,580,37.56335449,127.17905426,ST-1597,2023-01-13 11:15:09.581783
1057. 능골근린공원,15,10,67,37.55580902,127.17374420,ST-1598,2023-01-13 11:15:09.581783
1058. 고덕숲 아이파크 1,12,7,58,37.55348206,127.16505432,ST-1623,2023-01-13 11:15:09.581783
1059. 래미안 강동팰리스(102동),15,9,60,37.53822708,127.13174438,ST-1626,2023-01-13 11:15:09.581783
1060. 천일초교 사거리,6,3,50,37.54467010,127.13267517,ST-1620,2023-01-13 11:15:09.581783
1061. 천호초교 입구 사거리(일주빌딩),8,8,100,37.54689789,127.13466644,ST-1621,2023-01-13 11:15:09.581783
1062. 고덕숲 아이파크 2,10,11,110,37.55107880,127.16259766,ST-1622,2023-01-13 11:15:09.581783
1063.강동롯데캐슬퍼스트 아파트(관리동),10,11,110,37.55666351,127.14273834,ST-1762,2023-01-13 11:15:09.581783
1064.중앙보훈병원역 1번출구,10,1,10,37.52779388,127.14764404,ST-1763,2023-01-13 11:15:09.581783
1065.보훈병원 후문옆(더 원커피),10,0,0,37.53120804,127.14926910,ST-1764,2023-01-13 11:15:09.581783
1066.생태공원앞 교차로(조명탑),10,1,10,37.53776550,127.15201569,ST-1765,2023-01-13 11:15:09.581783
1067.한영중고앞사거리,10,3,30,37.54903412,127.15605164,ST-1766,2023-01-13 11:15:09.581783
1068.명일파출소,10,0,0,37.55364990,127.15622711,ST-1767,2023-01-13 11:15:09.581783
1069.강동경희대학교병원 입구,10,0,0,37.55305481,127.15688324,ST-1830,2023-01-13 11:15:09.581783
1070.(시립)고덕평생학습관,10,0,0,37.55570221,127.15792084,ST-1831,2023-01-13 11:15:09.581783
1071.명일근린공원공동체텃밭,10,0,0,37.55568695,127.15991211,ST-1832,2023-01-13 11:15:09.581783
1072.고덕역 5번출구,15,0,0,37.55486298,127.15372467,ST-1833,2023-01-13 11:15:09.581783
1073. SSTS 몰 앞,7,16,229,37.54114532,127.14105225,ST-1834,2023-01-13 11:15:09.581783
1074.대명초교입구 사거리,15,23,153,37.54683685,127.14916229,ST-1835,2023-01-13 11:15:09.581783
1075.천동초교 삼거리,10,14,140,37.54136276,127.13718414,ST-1836,2023-01-13 11:15:09.581783
1076. 천동초교입구사거리 버스정류장(십자성마을 방면),10,22,220,37.53989410,127.14103699,ST-1837,2023-01-13 11:15:09.581783
1077.강동역 1번출구 앞,15,0,0,37.53620529,127.13256073,ST-1838,2023-01-13 11:15:09.581783
1078.둔촌사거리,25,31,124,37.52197647,127.13362122,ST-1839,2023-01-13 11:15:09.581783
1079.강일동입구교차로,10,12,120,37.56184387,127.17084503,ST-1840,2023-01-13 11:15:09.581783
1080.엘웨딩,10,7,70,37.53683090,127.12841797,ST-1841,2023-01-13 11:15:09.581783
1081.트레빌빌딩,20,2,10,37.53699875,127.12953186,ST-1842,2023-01-13 11:15:09.581783
1082.중앙보훈병원역3번출구,10,0,0,37.52956009,127.14900970,ST-1843,2023-01-13 11:15:09.581783
1083.광문고교사거리(아이파크),15,5,33,37.56036758,127.15659332,ST-1844,2023-01-13 11:15:09.581783
1084. 윤선생빌딩(JYP사옥),20,26,130,37.52392960,127.12912750,ST-1687,2023-01-13 11:15:09.581783
1085.래미안 솔베뉴(고덕로),20,3,15,37.55456924,127.14587402,ST-1845,2023-01-13 11:15:09.581783
1086.래미안 솔베뉴(구천면로),10,1,10,37.55059814,127.14545441,ST-1846,2023-01-13 11:15:09.581783
1088.풍납사거리(강동),12,12,100,37.52812195,127.11952209,ST-1848,2023-01-13 11:15:09.581783
1089.고덕 래미안힐스테이트(201동),10,1,10,37.56060028,127.14669800,ST-1849,2023-01-13 11:15:09.581783
1090.상일동역 2번출구 앞,17,2,12,37.55678940,127.16614532,ST-1850,2023-01-13 11:15:09.581783
1101. 개화동상사마을종점 버스정류장,10,6,60,37.58161163,126.79859924,ST-507,2023-01-13 11:15:09.581783
1102. 방화사거리 마을버스 버스정류장,10,6,60,37.57364273,126.81180573,ST-508,2023-01-13 11:15:09.581783
1103. 방화역 4번출구앞,10,5,50,37.57710648,126.81199646,ST-831,2023-01-13 11:15:09.581783
1105. 방화근린공원,10,0,0,37.58162308,126.81265259,ST-509,2023-01-13 11:15:09.581783
1106. 신방화사거리,10,15,150,37.57303238,126.81645203,ST-824,2023-01-13 11:15:09.581783
1108. 공항시장역 2번출구 뒤,8,10,125,37.56387329,126.81060791,ST-510,2023-01-13 11:15:09.581783
1109. 공항시장역 4번출구,6,10,167,37.56334686,126.81048584,ST-511,2023-01-13 11:15:09.581783
1110. 공항중학교앞,15,10,67,37.56220245,126.81624603,ST-828,2023-01-13 11:15:09.581783
1111. 마곡엠밸리6_7단지 마곡중학교,20,18,90,37.56698227,126.82180023,ST-512,2023-01-13 11:15:09.581783
1112. 마곡엠밸리4단지 정문,15,19,127,37.56857681,126.82477570,ST-513,2023-01-13 11:15:09.581783
1113. 서남환경공원 버스정류장,15,28,187,37.57312393,126.82238770,ST-514,2023-01-13 11:15:09.581783
1117. 등촌5단지아파트 버스정류장,10,3,30,37.55819702,126.84426117,ST-834,2023-01-13 11:15:09.581783
1118. 증미역 3번출구뒤(등촌두산위브센티움오피스텔),10,15,150,37.55746078,126.86145782,ST-516,2023-01-13 11:15:09.581783
1119. 염창동 한마음아파트 앞,6,15,250,37.55425262,126.86756134,ST-517,2023-01-13 11:15:09.581783
1120. 대림경동아파트앞,25,27,108,37.56478500,126.85464478,ST-518,2023-01-13 11:15:09.581783
1121. 가양레포츠센터 앞,15,2,13,37.55947876,126.86437988,ST-519,2023-01-13 11:15:09.581783
1122. 황금내근린공원,17,1,6,37.56192398,126.86416626,ST-520,2023-01-13 11:15:09.581783
1124. 발산역 6번 출구 뒤,9,3,33,37.55817795,126.83845520,ST-522,2023-01-13 11:15:09.581783
1125. 명덕고교입구(영종빌딩),13,17,131,37.55291367,126.83657074,ST-835,2023-01-13 11:15:09.581783
1126. 우장산역 1번출구옆(우장산아이파크105동앞),7,8,114,37.54890823,126.83656311,ST-523,2023-01-13 11:15:09.581783
1127. 화곡역 버스정류장,10,4,40,37.54098129,126.83854675,ST-524,2023-01-13 11:15:09.581783
1128. 화곡역 6번출구,10,0,0,37.54141235,126.84022522,ST-829,2023-01-13 11:15:09.581783
1129. 화곡역 1번 출구 앞,7,0,0,37.54209900,126.84021759,ST-525,2023-01-13 11:15:09.581783
1130. 화곡본동시장 버스정류장,7,0,0,37.54275131,126.84262085,ST-526,2023-01-13 11:15:09.581783
1132. 등촌역 7번출구,10,13,130,37.55110931,126.86370850,ST-528,2023-01-13 11:15:09.581783
1135. 강서구의회,16,18,113,37.54653168,126.86254883,ST-530,2023-01-13 11:15:09.581783
1136. 등촌2파출소,10,17,170,37.54478836,126.86199951,ST-531,2023-01-13 11:15:09.581783
1137. 등촌2동주민센터,10,11,110,37.54126358,126.86337280,ST-532,2023-01-13 11:15:09.581783
1139. 용문사 버스정류장,8,17,213,37.53650665,126.86333466,ST-533,2023-01-13 11:15:09.581783
1140. 목동사거리 버스정류장,17,28,165,37.53139877,126.86360931,ST-534,2023-01-13 11:15:09.581783
1141. 곰달래 문화복지센터 1-1,10,8,80,37.52906036,126.84848022,ST-535,2023-01-13 11:15:09.581783
1145. 곰달래 문화복지센터 1-2,10,13,130,37.52891922,126.84808350,ST-536,2023-01-13 11:15:09.581783
1148. 볏골공원,10,14,140,37.54146957,126.84477997,ST-538,2023-01-13 11:15:09.581783
1149. 신방화역환승주차장,13,14,108,37.56728363,126.81827545,ST-975,2023-01-13 11:15:09.581783
1150. 송정역 1번출구,7,7,100,37.56153107,126.81069946,ST-1062,2023-01-13 11:15:09.581783
1151. 마곡역1번출구,25,4,16,37.56020737,126.82414246,ST-1063,2023-01-13 11:15:09.581783
1152. 마곡역교차로,30,6,20,37.55831146,126.82652283,ST-1064,2023-01-13 11:15:09.581783
"1153. 발산역 1번, 9번 인근 대여소",17,12,71,37.55894852,126.83717346,ST-1065,2023-01-13 11:15:09.581783
1155. 기쁜우리복지관,10,5,50,37.56925964,126.84841919,ST-1067,2023-01-13 11:15:09.581783
1157. 강서구청,8,18,225,37.55065918,126.84976959,ST-1069,2023-01-13 11:15:09.581783
1158. 가양역 8번출구,20,6,30,37.56103516,126.85481262,ST-1249,2023-01-13 11:15:09.581783
1159. 서서울모터리움 앞,20,3,15,37.56585312,126.84659576,ST-1250,2023-01-13 11:15:09.581783
1160. 양천향교역 7번출구앞,20,2,10,37.56768036,126.84089661,ST-1251,2023-01-13 11:15:09.581783
1161. 강서면허시험장 앞,10,6,60,37.54969406,126.81966400,ST-1252,2023-01-13 11:15:09.581783
1162. 공항초등학교건너편,10,26,260,37.56267929,126.82047272,ST-1253,2023-01-13 11:15:09.581783
1163. 방화동강서기동대앞,10,4,40,37.57049942,126.82008362,ST-1254,2023-01-13 11:15:09.581783
1165. 마곡중학교 후문,20,7,35,37.56844711,126.82164764,ST-1338,2023-01-13 11:15:09.581783
1166. 강서구립등빛도서관,10,18,180,37.56256866,126.84246063,ST-1351,2023-01-13 11:15:09.581783
1167. 마곡수명산파크3단지 교차로,15,23,153,37.55350876,126.82586670,ST-1352,2023-01-13 11:15:09.581783
1168. 마곡엠밸리10단지 앞,14,8,57,37.56029129,126.81875610,ST-1402,2023-01-13 11:15:09.581783
1169. 염창역 1번 출구,8,11,138,37.54719925,126.87448883,ST-1506,2023-01-13 11:15:09.581783
1170. 강서구보건소,11,0,0,37.54917908,126.86879730,ST-1507,2023-01-13 11:15:09.581783
1171. 염창동 새마을금고 건너편,8,3,38,37.55004883,126.87316132,ST-1508,2023-01-13 11:15:09.581783
1172. 가양3동 주민센터,8,8,100,37.56124878,126.86058044,ST-1509,2023-01-13 11:15:09.581783
1173. 강서구청사거리(SH타워),15,15,100,37.55673599,126.85307312,ST-1510,2023-01-13 11:15:09.581783
1174. 강서구청사거리(부민병원),9,8,89,37.55661392,126.85116577,ST-1511,2023-01-13 11:15:09.581783
1175. 대한항공 인력개발센터,15,5,33,37.55437851,126.85753632,ST-1512,2023-01-13 11:15:09.581783
